rank,batter,player_name,ab,swings,whiffs,whiff_rate
1,691011,Drew Romo,3,7,7,1.0
2,669432,Trevor Rogers,2,1,1,1.0
3,683004,Jack Leiter,1,1,1,1.0
4,675915,David Bañuelos,1,4,3,0.75
5,675659,Greg Jones,2,6,4,0.6666666666666666
6,624513,Dom Nuñez,7,10,6,0.6
7,681909,Justin Dean,2,5,3,0.6
8,677941,Jordyn Adams,5,9,5,0.5555555555555556
9,669398,Gage Workman,16,31,17,0.5483870967741935
10,677956,Rece Hinds,43,93,48,0.5161290322580645
11,605113,Nick Ahmed,9,18,9,0.5
12,691373,Jhostynxon Garcia,7,16,8,0.5
13,695670,Harry Ford,6,16,8,0.5
14,665923,Esteury Ruiz,21,47,22,0.46808510638297873
15,676812,Carson Mccusker,29,60,28,0.4666666666666667
16,804668,Rafael Flores,15,41,19,0.4634146341463415
17,671976,Tristan Peters,12,24,11,0.4583333333333333
18,605204,J. D. Davis,9,20,9,0.45
19,694728,Brice Matthews,42,89,40,0.449438202247191
20,676551,Brewer Hicklen,3,9,4,0.4444444444444444
21,677347,Kyren Paris,126,269,119,0.4423791821561338
22,693409,César Prieto,6,16,7,0.4375
23,682634,Kevin Alcántara,11,21,9,0.42857142857142855
24,676116,Ryan Noda,47,102,43,0.4215686274509804
25,677592,Everson Pereira,65,144,60,0.4166666666666667
26,691728,Zac Veen,34,86,35,0.4069767441860465
27,680869,Zack Gelof,92,212,86,0.4056603773584906
28,664068,Scott Kingery,27,60,24,0.4
29,542963,Rob Brantly,7,15,6,0.4
30,592696,Eddie Rosario,8,15,6,0.4
31,683357,Owen Caissie,26,63,25,0.3968253968253968
32,678225,Ji Hwan Bae,20,48,19,0.3958333333333333
33,642350,José Siri,32,81,32,0.3950617283950617
34,805904,Zach Cole,47,100,39,0.39
35,672284,Jarred Kelenic,60,130,50,0.38461538461538464
36,687478,Cam Devanney,36,84,32,0.38095238095238093
37,669087,Sam Huff,53,108,41,0.37962962962962965
38,670042,Luke Raley,183,448,170,0.3794642857142857
39,656185,Greg Allen,13,29,11,0.3793103448275862
40,681546,James Outman,134,287,108,0.37630662020905925
41,672356,Gabriel Arias,432,1026,385,0.37524366471734893
42,668952,Ryan Kreidler,38,91,34,0.37362637362637363
43,669208,Ryan Bliss,35,70,26,0.37142857142857144
44,694203,Denzer Guzman,42,92,34,0.3695652173913043
45,669004,Mj Melendez,60,122,45,0.36885245901639346
46,455117,Martín Maldonado,145,258,95,0.3682170542635659
47,656541,Sam Hilliard,51,120,44,0.36666666666666664
48,685301,Matt Gorski,40,90,33,0.36666666666666664
49,666211,Taylor Trammell,116,251,92,0.3665338645418327
50,666624,Christopher Morel,278,633,231,0.36492890995260663
51,700246,Carson Williams,99,206,75,0.3640776699029126
52,621035,Chris Taylor,113,245,89,0.363265306122449
53,665155,Nick Maton,54,116,42,0.3620689655172414
54,672744,Alexander Canario,216,479,172,0.35908141962421714
55,670223,Matt Mervis,120,293,105,0.3583617747440273
56,572191,Michael Taylor,295,650,231,0.3553846153846154
57,671286,Johnathan Rodríguez,71,138,49,0.35507246376811596
58,669911,Michael Toglia,306,662,235,0.3549848942598187
59,606992,Eric Haase,70,158,56,0.35443037974683544
60,669722,Logan Davidson,42,96,34,0.3541666666666667
61,683090,Matthew Lugo,69,125,44,0.352
62,666915,Bobby Dalbec,18,37,13,0.35135135135135137
63,695681,Christian Moore,162,369,129,0.34959349593495936
64,519317,Giancarlo Stanton,248,503,175,0.34791252485089463
65,668974,Maverick Handley,41,95,33,0.3473684210526316
66,669326,Bryce Teodosio,138,326,113,0.34662576687116564
67,592178,Kris Bryant,39,84,29,0.34523809523809523
68,656577,Alex Jackson,90,203,70,0.3448275862068966
69,676044,Bob Seymour,78,166,57,0.3433734939759036
70,683770,Will Robertson,70,143,49,0.34265734265734266
71,687515,Colby Thomas,120,278,95,0.34172661870503596
72,669134,Luis Campusano,21,44,15,0.3409090909090909
73,690022,Ryan Ritter,185,418,142,0.3397129186602871
74,663898,Brendan Rodgers,115,230,78,0.3391304347826087
75,805811,Bryce Eldridge,28,65,22,0.3384615384615385
76,689200,Jacob Melton,70,152,51,0.3355263157894737
77,669717,Will Wilson,78,203,68,0.33497536945812806
78,676801,Chas Mccormick,100,239,80,0.33472803347280333
79,691023,Jordan Walker,363,762,255,0.3346456692913386
80,680769,Cj Alexander,17,36,12,0.3333333333333333
81,672012,Tyler Black,8,21,7,0.3333333333333333
82,670242,Matt Wallner,334,785,261,0.332484076433121
83,688760,Blaine Crim,64,130,43,0.33076923076923076
84,669288,Daniel Johnson,53,106,35,0.330188679245283
85,701762,Nick Kurtz,420,842,278,0.33016627078384797
86,553869,Elías Díaz,255,549,181,0.3296903460837887
87,680728,Adrian Del Castillo,120,249,82,0.3293172690763052
88,670224,Kameron Misner,196,433,142,0.3279445727482679
89,687221,Dalton Rushing,142,269,88,0.3271375464684015
90,595751,Jorge Alfaro,39,95,31,0.3263157894736842
91,805249,Otto Kemp,197,420,136,0.3238095238095238
92,592450,Aaron Judge,541,1149,372,0.3237597911227154
93,665833,Oneil Cruz,471,929,299,0.3218514531754575
94,641857,Ryan Mcmahon,507,1133,364,0.3212709620476611
95,681715,Heriberto Hernandez,254,514,165,0.321011673151751
96,681297,Colton Cowser,326,630,202,0.32063492063492066
97,687529,Grant Mccray,22,50,16,0.32
98,607732,Jacob Stallings,118,266,85,0.31954887218045114
99,682868,Bryan Ramos,12,22,7,0.3181818181818182
100,676679,Luis Vázquez,49,104,33,0.3173076923076923
101,669200,Mason Mccoy,22,41,13,0.3170731707317073
102,669374,Keston Hiura,18,41,13,0.3170731707317073
103,665861,Sebastián Rivero,33,79,25,0.31645569620253167
104,656248,Sean Bouchard,66,117,37,0.3162393162393162
105,665052,Griffin Conine,77,155,49,0.3161290322580645
106,669256,Nick Solak,11,19,6,0.3157894736842105
107,678877,Jhonkensy Noel,147,343,108,0.31486880466472306
108,678894,Liover Peguero,80,143,45,0.3146853146853147
109,686894,Joey Wiemer,55,124,39,0.31451612903225806
110,660271,Shohei Ohtani,601,1270,399,0.31417322834645667
111,677595,Ronny Mauricio,168,363,114,0.3140495867768595
112,656537,Derek Hill,134,310,97,0.31290322580645163
113,657557,Paul Dejong,193,467,146,0.31263383297644537
114,663731,Connor Kaiser,18,32,10,0.3125
115,682626,Francisco Álvarez,246,514,160,0.311284046692607
116,695578,James Wood,598,1161,361,0.31093884582256676
117,664913,Seth Brown,65,145,45,0.3103448275862069
118,672724,Oswald Peraza,244,532,165,0.3101503759398496
119,691783,Jordan Lawlar,66,126,39,0.30952380952380953
120,666181,Will Benson,230,488,151,0.3094262295081967
121,692216,Cj Kayfus,123,262,81,0.30916030534351147
122,656941,Kyle Schwarber,603,1279,395,0.308835027365129
123,669450,Cooper Hummel,88,188,58,0.30851063829787234
124,666464,Jerar Encarnacion,55,94,29,0.30851063829787234
125,676724,Jared Young,43,94,29,0.30851063829787234
126,664040,Brandon Lowe,506,1190,367,0.30840336134453783
127,669236,Jeremiah Jackson,170,373,115,0.30831099195710454
128,694362,Blake Dunn,59,133,41,0.3082706766917293
129,553993,Eugenio Suárez,587,1314,405,0.3082191780821918
130,686554,Oliver Dunn,35,65,20,0.3076923076923077
131,669357,Nolan Gorman,351,784,241,0.30739795918367346
132,665862,Jazz Chisholm,461,1006,309,0.3071570576540755
133,701305,Zach Dezenzo,98,212,65,0.30660377358490565
134,656180,Riley Adams,263,560,171,0.3053571428571429
135,664238,Dylan Moore,218,492,150,0.3048780487804878
136,518595,Travis D'Arnaud,213,473,144,0.3044397463002114
137,694376,Shay Whitcomb,32,69,21,0.30434782608695654
138,605353,Vimael Machín,11,23,7,0.30434782608695654
139,695657,Colson Montgomery,255,549,167,0.30418943533697634
140,668901,Mark Vientos,424,915,278,0.3038251366120219
141,672016,Denzel Clarke,147,297,90,0.30303030303030304
142,671732,Lawrence Butler,569,1183,358,0.3026204564666103
143,663584,Hayden Senger,72,139,42,0.302158273381295
144,694374,Tim Tawa,198,424,128,0.3018867924528302
145,663609,Luken Baker,34,73,22,0.3013698630136986
146,600869,Jeimer Candelario,80,186,56,0.3010752688172043
147,681351,Logan O'Hoppe,423,917,276,0.3009814612868048
148,669065,Kyle Stowers,399,924,278,0.3008658008658009
149,671284,Tim Elko,67,143,43,0.3006993006993007
150,682988,Tyler Locklear,102,233,70,0.30042918454935624
151,696100,Hunter Goodman,540,1181,354,0.29974597798475866
152,691777,Max Muncy,206,414,124,0.2995169082125604
153,669261,Jack Suwinski,149,321,96,0.29906542056074764
154,650559,Bryan De La Cruz,47,97,29,0.29896907216494845
155,681807,David Fry,145,328,98,0.29878048780487804
156,669720,Austin Hays,379,811,241,0.2971639950678175
157,621439,Byron Buxton,486,1050,312,0.29714285714285715
158,666149,Tyler Fitzgerald,216,487,144,0.29568788501026694
159,622761,Jorge Mateo,79,176,52,0.29545454545454547
160,673357,Luis Robert,381,813,240,0.2952029520295203
161,682829,Elly De La Cruz,629,1223,361,0.29517579721995096
162,641598,Mitch Garver,254,476,140,0.29411764705882354
163,606192,Teoscar Hernández,502,1058,311,0.2939508506616257
164,669221,Sean Murphy,291,650,191,0.29384615384615387
165,671213,Triston Casas,99,212,62,0.29245283018867924
166,656976,Pavin Smith,244,510,149,0.29215686274509806
167,692585,Yanquiel Fernández,137,319,93,0.29153605015673983
168,663624,Ryan Mountcastle,331,778,226,0.29048843187660667
169,646240,Rafael Devers,607,1445,419,0.28996539792387543
170,687597,Jordan Beck,539,1108,321,0.2897111913357401
171,668709,Jj Bleday,307,594,172,0.2895622895622896
172,671221,Drew Waters,205,449,130,0.289532293986637
173,547180,Bryce Harper,501,1178,341,0.2894736842105263
174,641645,Luis Guillorme,20,38,11,0.2894736842105263
175,681584,David Villar,20,38,11,0.2894736842105263
176,656484,Tristan Gray,78,166,48,0.2891566265060241
177,666165,Blake Sabol,16,45,13,0.28888888888888886
178,694388,Joey Loperfido,96,201,58,0.2885572139303483
179,657041,Lane Thomas,125,243,70,0.2880658436213992
180,641933,Tyler O'Neill,181,389,112,0.2879177377892031
181,808975,Hyeseong Kim,161,334,96,0.2874251497005988
182,572233,Christian Walker,585,1313,377,0.2871287128712871
183,656413,Stuart Fairchild,49,101,29,0.2871287128712871
184,691781,Brady House,261,554,159,0.2870036101083033
185,678662,Ezequiel Tovar,360,892,256,0.28699551569506726
186,669003,Garrett Mitchell,68,136,39,0.2867647058823529
187,663728,Cal Raleigh,596,1465,420,0.28668941979522183
188,660162,Yoán Moncada,248,506,145,0.2865612648221344
189,543510,James Mccann,123,252,72,0.2857142857142857
190,671655,George Valera,41,84,24,0.2857142857142857
191,621020,Dansby Swanson,583,1254,358,0.28548644338118023
192,701350,Roman Anthony,257,480,137,0.28541666666666665
193,595879,Javier Báez,416,850,242,0.2847058823529412
194,691723,Coby Mayo,262,513,146,0.28460038986354774
195,686611,Dylan Crews,291,553,157,0.28390596745027125
196,690924,Braxton Fulford,108,222,63,0.28378378378378377
197,667670,Brent Rooker,624,1287,365,0.2836052836052836
198,677942,Blaze Alexander,229,494,140,0.2834008097165992
199,595978,Austin Hedges,152,360,102,0.2833333333333333
200,681393,Connor Norby,311,675,191,0.28296296296296297
201,669394,Jake Burger,355,729,206,0.2825788751714678
202,694359,Niko Kavadas,20,39,11,0.28205128205128205
203,666969,Adolis García,507,1122,316,0.2816399286987522
204,662139,Daulton Varsho,248,540,152,0.2814814814814815
205,624585,Jorge Soler,278,574,161,0.2804878048780488
206,667452,Corey Julks,12,25,7,0.28
207,663853,Romy Gonzalez,315,668,187,0.27994011976047906
208,640902,Jhonny Pereda,69,140,39,0.2785714285714286
209,687263,Zach Neto,502,1056,294,0.2784090909090909
210,682985,Riley Greene,600,1423,396,0.2782853127196065
211,686676,Korey Lee,35,72,20,0.2777777777777778
212,668731,Akil Baddoo,17,36,10,0.2777777777777778
213,668227,Randy Arozarena,612,1264,350,0.27689873417721517
214,686668,Brenton Doyle,500,986,273,0.2768762677484787
215,687859,Troy Johnston,112,232,64,0.27586206896551724
216,680837,Ryan Fitzgerald,46,87,24,0.27586206896551724
217,682177,Daniel Schneemann,378,758,209,0.2757255936675462
218,570482,Gio Urshela,181,399,110,0.2756892230576441
219,641313,Tim Anderson,83,185,51,0.2756756756756757
220,663586,Austin Riley,416,913,251,0.27491785323110624
221,690976,Alex Freeland,84,164,45,0.27439024390243905
222,691785,Marcelo Mayer,127,259,71,0.27413127413127414
223,642715,Willy Adames,590,1306,357,0.27335375191424194
224,690987,Robert Hassell,197,388,106,0.27319587628865977
225,665953,Andrés Chaparro,65,143,39,0.2727272727272727
226,672279,Michael Siani,17,33,9,0.2727272727272727
227,663796,Coco Montes,10,11,3,0.2727272727272727
228,660670,Ronald Acuña,338,804,219,0.27238805970149255
229,596115,Trevor Story,611,1344,365,0.27157738095238093
230,605131,Austin Barnes,42,70,19,0.2714285714285714
231,683766,Christian Koss,174,354,96,0.2711864406779661
232,663886,Tyler Stephenson,299,605,164,0.27107438016528923
233,656896,Emmanuel Rivera,119,251,68,0.27091633466135456
234,676914,Davis Schneider,188,432,117,0.2708333333333333
235,663616,Trevor Larnach,503,976,264,0.27049180327868855
236,545361,Mike Trout,456,962,260,0.2702702702702703
237,592206,Nick Castellanos,544,1274,344,0.27001569858712715
238,691019,Kyle Teel,253,545,147,0.26972477064220185
239,676059,Jordan Westburg,327,653,176,0.26952526799387444
240,677943,Will Banfield,10,26,7,0.2692307692307692
241,669234,Justyn-Henry Malloy,103,223,60,0.26905829596412556
242,676439,Hunter Feduccia,88,212,57,0.2688679245283019
243,592885,Christian Yelich,573,1188,318,0.2676767676767677
244,642215,Weston Wilson,110,236,63,0.2669491525423729
245,677594,Julio Rodríguez,651,1382,368,0.2662807525325615
246,701675,Nathan Church,55,139,37,0.26618705035971224
247,663698,Joey Bart,285,542,144,0.2656826568265683
248,575929,Willson Contreras,490,1048,278,0.2652671755725191
249,691718,Pete Crow-Armstrong,582,1367,362,0.2648134601316752
250,664056,Harrison Bader,444,929,246,0.26480086114101187
251,666176,Jo Adell,524,1167,309,0.2647814910025707
252,668804,Bryan Reynolds,587,1305,345,0.26436781609195403
253,660757,Oscar González,59,144,38,0.2638888888888889
254,691185,Maximo Acosta,54,95,25,0.2631578947368421
255,701358,Cam Smith,441,980,257,0.26224489795918365
256,678009,Parker Meadows,191,382,100,0.2617801047120419
257,680776,Jarren Duran,620,1238,324,0.2617124394184168
258,506702,Sandy León,12,23,6,0.2608695652173913
259,680779,Henry Davis,252,591,154,0.26057529610829105
260,680574,Matt Mclain,506,1022,266,0.2602739726027397
261,666160,Mickey Moniak,432,903,235,0.2602436323366556
262,672275,Patrick Bailey,409,851,221,0.2596944770857814
263,650489,Willi Castro,402,909,236,0.25962596259625964
264,518692,Freddie Freeman,555,1236,320,0.2588996763754045
265,677950,Alek Thomas,428,887,229,0.25817361894024804
266,644433,Chadwick Tromp,21,31,8,0.25806451612903225
267,665161,Jeremy Peña,492,908,234,0.2577092511013216
268,678011,Anthony Seigler,62,117,30,0.2564102564102564
269,678489,Jorge Barrosa,71,160,41,0.25625
270,677008,Heston Kjerstad,155,352,90,0.2556818181818182
271,692225,Kristian Campbell,229,450,115,0.25555555555555554
272,700242,Trey Sweeney,295,607,155,0.2553542009884679
273,663368,Blake Perkins,154,275,70,0.2545454545454545
274,642851,Austin Wynns,103,228,58,0.2543859649122807
275,663897,Luke Williams,31,59,15,0.2542372881355932
276,642136,Matt Thaiss,156,370,94,0.25405405405405407
277,665966,Carlos Narváez,402,895,227,0.2536312849162011
278,642133,Rowdy Tellez,289,577,146,0.2530329289428076
279,686475,Tyler Tolbert,50,107,27,0.2523364485981308
280,608369,Corey Seager,380,833,210,0.25210084033613445
281,691720,Kyle Karros,137,286,72,0.2517482517482518
282,657656,Ramón Laureano,440,954,240,0.25157232704402516
283,665487,Fernando Tatís,592,1209,304,0.25144747725392885
284,669224,Austin Wells,399,909,228,0.2508250825082508
285,695506,Jac Caglianone,210,440,110,0.25
286,694212,Samuel Basallo,109,248,62,0.25
287,642180,Tyler Wade,107,216,54,0.25
288,669304,José Miranda,35,68,17,0.25
289,640459,Brian Navarreto,14,24,6,0.25
290,680716,Jonathan Ornelas,9,20,5,0.25
291,672642,Steward Berroa,5,12,3,0.25
292,695257,Billy Cook,6,12,3,0.25
293,642727,Sergio Alcántara,4,8,2,0.25
294,702358,Trey Lipscomb,4,8,2,0.25
295,691176,Jasson Domínguez,380,853,213,0.24970691676436108
296,571771,Enrique Hernández,224,506,126,0.2490118577075099
297,518792,Jason Heyward,85,161,40,0.2484472049689441
298,666139,Josh Lowe,395,1003,249,0.24825523429710866
299,660821,Jesús Sánchez,450,953,236,0.24763903462749212
300,521692,Salvador Pérez,597,1301,322,0.24750192159877019
301,456781,Donovan Solano,165,364,90,0.24725274725274726
302,686780,Pedro Pagés,360,769,190,0.247074122236671
303,666397,Edouard Julien,182,353,87,0.24645892351274787
304,676480,José Barrero,29,69,17,0.2463768115942029
305,656555,Rhys Hoskins,279,577,142,0.24610051993067592
306,686527,Dominic Canzone,244,530,130,0.24528301886792453
307,670097,Zack Short,50,102,25,0.24509803921568626
308,666134,Nolan Jones,355,788,193,0.24492385786802032
309,669369,Bryce Johnson,75,139,34,0.2446043165467626
310,701538,Jackson Merrill,440,995,243,0.2442211055276382
311,678882,Ceddanne Rafaela,544,1254,306,0.24401913875598086
312,682622,Noelvi Marte,339,656,160,0.24390243902439024
313,700932,Kyle Manzardo,470,976,238,0.24385245901639344
314,624641,Edmundo Sosa,242,538,131,0.24349442379182157
315,642201,Eli White,255,530,129,0.24339622641509434
316,641943,Joshua Palacios,128,288,70,0.24305555555555555
317,457705,Andrew Mccutchen,474,1033,251,0.24298160696999033
318,621512,Tomás Nido,35,70,17,0.24285714285714285
319,592518,Manny Machado,613,1324,321,0.24244712990936557
320,687551,Drew Gilbert,99,190,46,0.24210526315789474
321,571912,Luke Maile,45,95,23,0.24210526315789474
322,694671,Wyatt Langford,489,1004,243,0.24203187250996017
323,669477,Casey Schmitt,312,686,166,0.24198250728862974
324,682729,Jonatan Clase,100,207,50,0.24154589371980675
325,676609,José Caballero,313,675,163,0.2414814814814815
326,671083,Buddy Kennedy,28,58,14,0.2413793103448276
327,645302,Víctor Robles,106,228,55,0.2412280701754386
328,688363,Graham Pauley,161,324,78,0.24074074074074073
329,621566,Matt Olson,624,1434,345,0.2405857740585774
330,602104,Ramón Urías,352,741,178,0.24021592442645073
331,699625,Jimmy Crooks,45,100,24,0.24
332,624415,Cavan Biggio,69,130,31,0.23846153846153847
333,664059,Sam Haggerty,162,323,77,0.23839009287925697
334,681481,Kerry Carpenter,433,919,219,0.2383025027203482
335,641856,Billy Mckinney,20,42,10,0.23809523809523808
336,687363,Victor Scott,396,836,199,0.23803827751196172
337,542303,Marcell Ozuna,485,1039,247,0.2377285851780558
338,668904,Royce Lewis,376,774,184,0.23772609819121446
339,679529,Spencer Torkelson,563,1174,279,0.23764906303236796
340,680577,Dashawn Keirsey,83,181,43,0.23756906077348067
341,694192,Jackson Chourio,548,1125,267,0.23733333333333334
342,516782,Starling Marte,293,624,148,0.23717948717948717
343,680718,Addison Barger,460,962,228,0.23700623700623702
344,622534,Manuel Margot,19,38,9,0.23684210526315788
345,676466,Jack Winkler,16,38,9,0.23684210526315788
346,694497,Evan Carter,192,364,86,0.23626373626373626
347,657136,Connor Wong,167,360,85,0.2361111111111111
348,668845,Aaron Schunk,32,72,17,0.2361111111111111
349,683146,Brett Baty,393,818,193,0.23594132029339854
350,543807,George Springer,498,1066,251,0.2354596622889306
351,680118,Dairon Blanco,6,17,4,0.23529411764705882
352,687957,Dustin Harris,40,94,22,0.23404255319148937
353,668715,Spencer Steer,509,1111,260,0.23402340234023403
354,677060,Chad Stevens,13,30,7,0.23333333333333334
355,682663,Agustín Ramírez,535,1059,247,0.2332389046270066
356,596142,Gary Sánchez,91,176,41,0.23295454545454544
357,681146,Jonah Bride,112,185,43,0.23243243243243245
358,641584,Jake Fraley,191,392,91,0.23214285714285715
359,691406,Junior Caminero,601,1258,292,0.23211446740858505
360,683002,Gunnar Henderson,576,1191,276,0.23173803526448364
361,672761,Wenceel Pérez,344,757,175,0.2311756935270806
362,683737,Michael Busch,518,1073,248,0.23112767940354148
363,687952,Christian Encarnacion-Strand,130,264,61,0.23106060606060605
364,680474,Max Schuemann,182,381,88,0.23097112860892388
365,607208,Trea Turner,587,1238,285,0.23021001615508885
366,624413,Pete Alonso,624,1300,299,0.23
367,693307,Dillon Dingler,433,870,200,0.22988505747126436
368,693304,Nick Gonzales,379,806,185,0.22952853598014888
369,655316,Andruw Monasterio,126,262,60,0.22900763358778625
370,673962,Josh Jung,482,987,226,0.22897669706180346
371,665828,Oswaldo Cabrera,107,214,49,0.22897196261682243
372,666018,Jonathan Aranda,369,835,191,0.22874251497005987
373,695336,Thomas Saggese,273,596,136,0.22818791946308725
374,622569,Pablo Reyes,31,57,13,0.22807017543859648
375,669127,Shea Langeliers,481,1009,230,0.22794846382556988
376,596103,Austin Slater,148,321,73,0.22741433021806853
377,624424,Michael Conforto,410,911,207,0.22722283205268934
378,668670,Jake Rogers,123,251,57,0.22709163346613545
379,682998,Corbin Carroll,564,1220,277,0.22704918032786886
380,686797,Brooks Lee,487,1000,227,0.227
381,681962,Vinny Capra,94,163,37,0.22699386503067484
382,663330,Jahmai Jones,129,269,61,0.22676579925650558
383,665804,Miguel Amaya,93,203,46,0.22660098522167488
384,656305,Matt Chapman,454,937,212,0.22625400213447172
385,671739,Michael Harris,611,1240,280,0.22580645161290322
386,681460,Brooks Baldwin,300,665,150,0.22556390977443608
387,641343,Jake Bauers,183,386,87,0.22538860103626943
388,695600,Carter Jensen,60,142,32,0.22535211267605634
389,643217,Andrew Benintendi,420,866,195,0.2251732101616628
390,682928,Cj Abrams,580,1173,264,0.22506393861892582
391,467793,Carlos Santana,415,890,200,0.2247191011235955
392,592626,Joc Pederson,265,548,123,0.22445255474452555
393,694208,Moisés Ballesteros,57,116,26,0.22413793103448276
394,571970,Max Muncy,306,679,152,0.22385861561119294
395,677587,Brayan Rocchio,343,724,162,0.22375690607734808
396,682848,Endy Rodríguez,52,94,21,0.22340425531914893
397,680737,Michael Helman,98,224,50,0.22321428571428573
398,608701,Rob Refsnyder,182,363,81,0.2231404958677686
399,702176,Alan Roden,135,260,58,0.2230769230769231
400,542932,Jon Berti,93,175,39,0.22285714285714286
401,661388,William Contreras,564,1188,264,0.2222222222222222
402,674441,Jacob Hurtubise,12,27,6,0.2222222222222222
403,677649,Ezequiel Duran,204,437,97,0.2219679633867277
404,683011,Anthony Volpe,536,1101,244,0.22161671207992734
405,691016,Tyler Soderstrom,559,1088,241,0.22150735294117646
406,666163,Ben Rortvedt,110,244,54,0.22131147540983606
407,643565,Mike Tauchman,335,746,165,0.22117962466487937
408,608671,Travis Jankowski,44,86,19,0.22093023255813954
409,676701,Alan Trejo,40,86,19,0.22093023255813954
410,623993,Anthony Santander,193,453,100,0.22075055187637968
411,673548,Seiya Suzuki,562,1088,240,0.22058823529411764
412,676572,Eric Wagaman,473,884,195,0.22058823529411764
413,666023,Freddy Fermin,319,730,161,0.22054794520547946
414,665019,Kody Clemens,346,740,163,0.22027027027027027
415,641680,Jonah Heim,394,847,186,0.21959858323494688
416,596146,Max Kepler,416,879,193,0.21956769055745165
417,673237,Yainer Diaz,542,1113,244,0.2192273135669362
418,643376,Danny Jansen,288,584,128,0.2191780821917808
419,702616,Jackson Holliday,585,1152,252,0.21875
420,667472,Dane Myers,307,558,122,0.21863799283154123
421,671218,Heliot Ramos,619,1267,277,0.21862667719021311
422,677800,Wilyer Abreu,372,833,182,0.2184873949579832
423,608385,Jesse Winker,69,142,31,0.21830985915492956
424,666152,David Hamilton,177,330,72,0.21818181818181817
425,670541,Yordan Álvarez,165,353,77,0.21813031161473087
426,606115,Orlando Arcia,203,423,92,0.21749408983451538
427,664023,Ian Happ,561,1168,254,0.21746575342465754
428,677951,Bobby Witt,622,1283,279,0.21745908028059235
429,621493,Taylor Ward,579,1049,228,0.21734985700667303
430,657757,Gavin Sheets,491,1019,221,0.2168792934249264
431,680700,Richie Palacios,42,83,18,0.21686746987951808
432,607043,Brandon Nimmo,585,1227,266,0.21678891605541972
433,593871,Jorge Polanco,471,937,203,0.21664887940234792
434,663993,Nathaniel Lowe,540,1164,251,0.21563573883161513
435,592192,Mark Canha,113,232,50,0.21551724137931033
436,669707,Jared Triolo,330,687,148,0.21542940320232898
437,592669,Hunter Renfroe,99,172,37,0.21511627906976744
438,669016,Brandon Marsh,379,781,168,0.21510883482714468
439,670092,Trenton Brooks,41,93,20,0.21505376344086022
440,605137,Josh Bell,466,987,212,0.21479229989868287
441,695391,Brett Harris,73,149,32,0.21476510067114093
442,660844,Leo Rivas,90,177,38,0.21468926553672316
443,663604,Brandon Lockridge,134,308,66,0.21428571428571427
444,691907,Tsung-Che Cheng,7,14,3,0.21428571428571427
445,543309,Kyle Higashioka,303,576,123,0.21354166666666666
446,671056,Iván Herrera,387,815,174,0.2134969325153374
447,592663,J. T. Realmuto,500,1068,228,0.21348314606741572
448,665750,Leody Taveras,171,361,77,0.21329639889196675
449,678391,Jorbit Vivas,56,122,26,0.21311475409836064
450,624512,Reese Mcguire,133,277,59,0.21299638989169675
451,676356,Jonny Deluca,57,113,24,0.21238938053097345
452,701398,Sal Stewart,55,113,24,0.21238938053097345
453,668723,Ryan Vilade,13,33,7,0.21212121212121213
454,680862,Willie Maciver,102,217,46,0.2119815668202765
455,682668,Luisangel Acuña,175,337,71,0.21068249258160238
456,687637,Dylan Beavers,110,228,48,0.21052631578947367
457,679032,Johan Rojas,151,328,69,0.21036585365853658
458,663662,Daz Cameron,41,86,18,0.20930232558139536
459,665561,Rafael Marchán,105,206,43,0.2087378640776699
460,686555,Isaac Collins,370,772,161,0.20854922279792745
461,683083,Nasim Nuñez,81,183,38,0.20765027322404372
462,690291,Jace Jung,47,106,22,0.20754716981132076
463,543760,Marcus Semien,469,1016,210,0.20669291338582677
464,656811,Ryan O'Hearn,474,1016,210,0.20669291338582677
465,660644,Vidal Bruján,87,184,38,0.20652173913043478
466,647304,Josh Naylor,543,1085,224,0.2064516129032258
467,656716,Zach Mckinstry,452,950,196,0.2063157894736842
468,672820,Lenyn Sosa,516,1049,216,0.20591039084842708
469,656775,Cedric Mullins,435,1020,210,0.20588235294117646
470,502054,Tommy Pham,391,729,150,0.205761316872428
471,641658,Garrett Hampson,76,151,31,0.2052980132450331
472,642731,Thairo Estrada,151,307,63,0.20521172638436483
473,690993,Colt Keith,413,819,168,0.20512820512820512
474,642708,Amed Rosario,180,361,74,0.20498614958448755
475,683734,Andrew Vaughn,406,807,165,0.20446096654275092
476,621438,Tyrone Taylor,310,612,125,0.2042483660130719
477,645305,Ali Sánchez,23,49,10,0.20408163265306123
478,666310,Bo Naylor,359,792,161,0.2032828282828283
479,642086,Dominic Smith,204,419,85,0.20286396181384247
480,694377,Nick Yorke,69,148,30,0.20270270270270271
481,702284,Cole Young,223,460,93,0.20217391304347826
482,672569,Gustavo Campero,58,134,27,0.20149253731343283
483,682653,Warming Bernabel,138,288,58,0.2013888888888889
484,621043,Carlos Correa,537,1073,216,0.20130475302889095
485,663757,Trent Grisham,493,930,187,0.2010752688172043
486,665742,Juan Soto,575,1055,212,0.2009478672985782
487,606466,Ketel Marte,479,950,190,0.2
488,810938,Ben Williamson,276,585,117,0.2
489,677588,José Tena,152,305,61,0.2
490,681624,Andy Pages,574,1243,248,0.1995172968624296
491,666185,Dylan Carlson,217,462,92,0.19913419913419914
492,593428,Xander Bogaerts,489,879,175,0.19908987485779295
493,665489,Vladimir Guerrero,588,1056,210,0.19886363636363635
494,805373,Nacho Alvarez,188,352,70,0.19886363636363635
495,650859,Luis Rengifo,500,1036,206,0.19884169884169883
496,668942,Josh Rojas,189,368,73,0.1983695652173913
497,518934,Dj Lemahieu,128,227,45,0.19823788546255505
498,670231,John Rave,153,318,63,0.19811320754716982
499,666126,Carlos Cortes,94,192,38,0.19791666666666666
500,665926,Andrés Giménez,328,753,149,0.19787516600265603
501,664034,Ty France,442,971,192,0.19773429454170957
502,664774,Lamonte Wade,209,425,84,0.1976470588235294
503,682657,Angel Martínez,445,977,193,0.19754350051177072
504,691182,Adael Amador,113,213,42,0.19718309859154928
505,664983,Jake Mccarthy,206,417,82,0.19664268585131894
506,571657,Kyle Farmer,275,534,105,0.19662921348314608
507,700250,Ben Rice,467,887,174,0.19616685456595265
508,669257,Will Smith,358,735,144,0.19591836734693877
509,669397,Nick Allen,370,766,150,0.195822454308094
510,663457,Lars Nootbaar,509,929,181,0.19483315392895587
511,645444,José Herrera,165,330,64,0.19393939393939394
512,686452,Drew Millas,49,98,19,0.19387755102040816
513,680777,Ryan Jeffers,406,730,141,0.19315068493150686
514,671277,Luis García,487,991,191,0.1927346115035318
515,656582,Connor Joe,69,135,26,0.1925925925925926
516,663967,César Salazar,13,26,5,0.19230769230769232
517,668930,Brice Turang,583,1229,236,0.1920260374288039
518,695238,Will Wagner,129,313,60,0.19169329073482427
519,620443,Luis Torrens,259,527,101,0.19165085388994307
520,676694,Jake Meyers,343,633,121,0.1911532385466035
521,645277,Ozzie Albies,603,1300,248,0.19076923076923077
522,596019,Francisco Lindor,643,1401,267,0.1905781584582441
523,650968,Yohel Pozo,158,359,68,0.1894150417827298
524,666971,Lourdes Gurriel,500,1042,197,0.1890595009596929
525,545121,Ildemaro Vargas,115,217,41,0.1889400921658986
526,608348,Carson Kelly,363,742,140,0.18867924528301888
527,527038,Wilmer Flores,419,896,169,0.18861607142857142
528,807713,Matt Shaw,382,807,152,0.18835192069392812
529,686765,Nick Sogard,96,170,32,0.18823529411764706
530,647351,Abraham Toro,259,548,103,0.18795620437956204
531,605170,Víctor Caratini,342,661,124,0.1875945537065053
532,666158,Gavin Lux,446,876,164,0.1872146118721461
533,683748,Victor Mesa,32,75,14,0.18666666666666668
534,678554,Curtis Mead,240,489,91,0.18609406952965235
535,665839,Enmanuel Valdez,91,172,32,0.18604651162790697
536,493329,Yuli Gurriel,36,70,13,0.18571428571428572
537,682641,Luis Matos,170,353,65,0.18413597733711048
538,514888,José Altuve,586,1156,212,0.18339100346020762
539,502671,Paul Goldschmidt,489,999,183,0.1831831831831832
540,700337,Edgar Quero,364,734,133,0.18119891008174388
541,641487,J. P. Crawford,570,1231,222,0.1803411860276198
542,669701,Josh Smith,494,1041,187,0.17963496637848222
543,545341,Randal Grichuk,271,525,94,0.17904761904761904
544,663647,Ke'Bryan Hayes,525,950,170,0.17894736842105263
545,663656,Kyle Tucker,492,1026,183,0.1783625730994152
546,641555,J. C. Escarra,83,170,30,0.17647058823529413
547,663536,Tristin English,22,51,9,0.17647058823529413
548,681987,Nate Eaton,80,159,28,0.1761006289308176
549,678246,Miguel Vargas,503,1074,189,0.17597765363128492
550,663697,Jonathan India,497,950,167,0.17578947368421052
551,623168,Tyler Heineman,149,332,58,0.1746987951807229
552,679845,Nick Loftin,168,316,55,0.17405063291139242
553,668800,Andrew Knizner,77,156,27,0.17307692307692307
554,573262,Mike Yastrzemski,477,964,166,0.17219917012448133
555,670764,Taylor Walls,281,586,100,0.17064846416382254
556,672640,Otto Lopez,543,985,168,0.17055837563451776
557,689172,Brett Wisely,54,129,22,0.17054263565891473
558,605361,Nick Martini,102,194,33,0.17010309278350516
559,669743,Alex Call,268,506,86,0.16996047430830039
560,624431,Jose Trevino,278,495,84,0.1696969696969697
561,686948,Drake Baldwin,405,867,147,0.1695501730103806
562,666182,Bo Bichette,582,1225,207,0.1689795918367347
563,663968,Jake Mangum,404,895,151,0.16871508379888267
564,578428,Jose Iglesias,304,617,104,0.1685575364667747
565,607680,Kevin Pillar,42,89,15,0.16853932584269662
566,805300,Jakob Marsee,209,380,64,0.16842105263157894
567,650402,Gleyber Torres,530,1081,182,0.1683626271970398
568,624428,Adam Frazier,419,945,159,0.16825396825396827
569,676070,Jacob Amaya,66,107,18,0.16822429906542055
570,668885,Austin Martin,155,304,51,0.16776315789473684
571,605244,Aramis Garcia,4,6,1,0.16666666666666666
572,807712,Luke Keaschall,180,325,54,0.16615384615384615
573,686469,Vinnie Pasquantino,619,1234,205,0.16612641815235007
574,571448,Nolan Arenado,400,778,129,0.16580976863753213
575,628451,Andy Ibáñez,174,368,61,0.16576086956521738
576,664728,Kyle Isbel,368,682,112,0.16422287390029325
577,695734,Daylen Lile,321,682,112,0.16422287390029325
578,672386,Alejandro Kirk,450,934,153,0.16381156316916487
579,676475,Alec Burleson,497,953,156,0.16369359916054566
580,670770,Tj Friedl,579,1037,169,0.16297010607521698
581,687462,Spencer Horwitz,364,786,128,0.1628498727735369
582,686681,Michael Massey,262,547,89,0.16270566727605118
583,683021,Michael Stefanic,22,37,6,0.16216216216216217
584,630105,Jake Cronenworth,419,932,151,0.16201716738197425
585,457759,Justin Turner,168,377,61,0.16180371352785147
586,609280,Miguel Andújar,319,650,105,0.16153846153846155
587,682927,Ronny Simon,77,155,25,0.16129032258064516
588,663743,Nick Fortes,218,435,70,0.16091954022988506
589,672515,Gabriel Moreno,277,578,93,0.16089965397923875
590,687231,Darell Hernaiz,172,362,58,0.16022099447513813
591,669242,Tommy Edman,335,626,100,0.1597444089456869
592,691026,Masyn Winn,491,1021,163,0.15964740450538686
593,664954,Brett Sullivan,6,19,3,0.15789473684210525
594,681508,Mickey Gasper,95,178,28,0.15730337078651685
595,641355,Cody Bellinger,588,1253,197,0.15722266560255388
596,500743,Miguel Rojas,282,509,80,0.15717092337917485
597,696030,Alejandro Osuna,151,327,51,0.1559633027522936
598,650490,Yandy Díaz,579,1120,174,0.15535714285714286
599,543877,Christian Vázquez,190,356,55,0.1544943820224719
600,663837,Matt Vierling,88,195,30,0.15384615384615385
601,682515,Logan Porter,7,13,2,0.15384615384615385
602,595777,Jurickson Profar,318,706,106,0.1501416430594901
603,677870,Leo Jimenez,29,60,9,0.15
604,666198,Carter Kieboom,8,20,3,0.15
605,686823,Will Brennan,11,20,3,0.15
606,670156,Miles Mastrobuoni,152,267,40,0.149812734082397
607,643446,Jeff Mcneil,399,909,135,0.1485148514851485
608,687401,Joey Ortiz,468,877,130,0.14823261117445838
609,807799,Masataka Yoshida,188,318,47,0.14779874213836477
610,621028,Kevin Newman,114,218,32,0.14678899082568808
611,696285,Jacob Young,323,596,87,0.14597315436241612
612,673490,Ha-Seong Kim,170,316,46,0.14556962025316456
613,670623,Isaac Paredes,378,795,115,0.14465408805031446
614,605141,Mookie Betts,589,1013,146,0.1441263573543929
615,643289,Mauricio Dubón,368,729,105,0.1440329218106996
616,672359,Tirso Ornelas,14,28,4,0.14285714285714285
617,669392,Samad Taylor,8,14,2,0.14285714285714285
618,685744,Kenedy Corona,2,7,1,0.14285714285714285
619,681082,Bryson Stott,499,996,142,0.142570281124498
620,694384,Nolan Schanuel,488,973,136,0.1397738951695786
621,608070,José Ramírez,592,1247,172,0.13793103448275862
622,543592,Austin Nola,38,73,10,0.136986301369863
623,664702,Myles Straw,267,519,71,0.13680154142581888
624,676391,Ernie Clement,544,1006,137,0.13618290258449303
625,608324,Alex Bregman,432,791,107,0.13527180783817952
626,672580,Maikel García,593,1010,136,0.13465346534653466
627,668939,Adley Rutschman,320,605,81,0.13388429752066117
628,665877,José Fermín,60,105,14,0.13333333333333333
629,690984,Petey Halpin,6,15,2,0.13333333333333333
630,657077,Alex Verdugo,197,340,45,0.1323529411764706
631,689414,Liam Hicks,332,575,76,0.13217391304347825
632,664761,Alec Bohm,462,868,113,0.13018433179723501
633,682183,Drew Avans,17,47,6,0.1276595744680851
634,669289,Santiago Espinal,301,589,74,0.12563667232597622
635,643396,Isiah Kiner-Falefa,429,801,99,0.12359550561797752
636,664770,Nathan Lukes,388,813,100,0.12300123001230012
637,660688,Keibert Ruiz,255,469,57,0.12153518123667377
638,680977,Brendan Donovan,459,843,102,0.12099644128113879
639,808982,Jung Hoo Lee,559,1051,127,0.120837297811608
640,649966,Luis Urías,287,550,66,0.12
641,666150,Dominic Fletcher,32,68,8,0.11764705882352941
642,702332,Caleb Durbin,444,817,96,0.1175030599755202
643,805367,Chase Meidroth,447,793,91,0.11475409836065574
644,671289,Tyler Freeman,376,759,87,0.11462450592885376
645,683227,Cody Freeman,113,228,26,0.11403508771929824
646,691594,Javier Sanoja,313,571,64,0.11208406304728546
647,672695,Geraldo Perdomo,594,1195,127,0.10627615062761506
648,669364,Xavier Edwards,557,1102,117,0.10617059891107078
649,686217,Sal Frelick,526,1019,108,0.10598626104023552
650,553882,Omar Narváez,7,19,2,0.10526315789473684
651,802415,Chandler Simpson,413,738,75,0.1016260162601626
652,663538,Nico Hoerner,597,1124,114,0.10142348754448399
653,679822,Justin Foscue,9,20,2,0.1
654,682997,Tyler Callihan,6,10,1,0.1
655,680911,Owen Miller,14,32,3,0.09375
656,670032,Nicky Lopez,24,46,4,0.08695652173913043
657,670276,Cal Stevenson,8,12,1,0.08333333333333333
658,805779,Jacob Wilson,483,865,72,0.08323699421965318
659,680757,Steven Kwan,623,1168,92,0.07876712328767123
660,572138,Jon Singleton,9,13,1,0.07692307692307693
661,622268,Donovan Walton,8,15,1,0.06666666666666667
662,689041,Rhylan Thomas,8,20,1,0.05
663,650333,Luis Arráez,619,1218,54,0.04433497536945813
664,571466,Tucker Barnhart,13,25,1,0.04
665,640492,José Azócar,19,32,1,0.03125
666,596117,Garrett Stubbs,1,3,0,0.0
667,607067,Colin Rea,1,3,0,0.0
668,641302,Tyler Alexander,1,2,0,0.0
669,642020,Chuckie Robinson,0,3,0,0.0
670,667690,C. J. Stubbs,3,6,0,0.0
671,669194,Ryne Nelson,1,1,0,0.0
672,679631,Terrin Vavra,1,3,0,0.0
