rank,batter,player_name,ab,swings,whiffs,whiff_rate
1,691011,Drew Romo,3,7,7,1.0
2,694222,Unknown,3,6,6,1.0
3,702708,Unknown,2,6,6,1.0
4,665648,Unknown,2,4,4,1.0
5,621008,Alex De Goti,1,3,3,1.0
6,687942,Unknown,1,3,3,1.0
7,687982,Unknown,2,3,3,1.0
8,699014,Unknown,1,3,3,1.0
9,800195,Unknown,2,3,3,1.0
10,672018,Unknown,1,2,2,1.0
11,676205,Unknown,1,2,2,1.0
12,681142,Unknown,1,2,2,1.0
13,682775,Unknown,1,2,2,1.0
14,683104,Unknown,1,2,2,1.0
15,685300,Unknown,1,2,2,1.0
16,687282,Unknown,1,2,2,1.0
17,690970,Unknown,1,2,2,1.0
18,691944,Unknown,1,2,2,1.0
19,694181,Unknown,1,2,2,1.0
20,695023,Unknown,0,2,2,1.0
21,696501,Unknown,1,2,2,1.0
22,813860,Unknown,1,2,2,1.0
23,641924,Jacob Nottingham,1,1,1,1.0
24,668785,Unknown,1,1,1,1.0
25,669432,Trevor Rogers,2,1,1,1.0
26,678926,Unknown,1,1,1,1.0
27,683004,Jack Leiter,1,1,1,1.0
28,686404,Unknown,1,1,1,1.0
29,687036,Unknown,1,1,1,1.0
30,691437,Unknown,1,1,1,1.0
31,694200,Unknown,1,1,1,1.0
32,695538,Unknown,1,1,1,1.0
33,701682,Unknown,1,1,1,1.0
34,800508,Unknown,1,1,1,1.0
35,802544,Unknown,0,1,1,1.0
36,676882,Chandler Seagle,2,7,6,0.8571428571428571
37,806957,Unknown,2,7,6,0.8571428571428571
38,800194,Unknown,2,6,5,0.8333333333333334
39,805319,Unknown,3,6,5,0.8333333333333334
40,686445,Unknown,3,5,4,0.8
41,688875,Unknown,3,5,4,0.8
42,691645,Unknown,3,5,4,0.8
43,695612,Unknown,2,5,4,0.8
44,695930,Unknown,2,5,4,0.8
45,703154,Unknown,2,5,4,0.8
46,801194,Unknown,2,5,4,0.8
47,806152,Unknown,2,5,4,0.8
48,807759,Unknown,2,5,4,0.8
49,808291,Unknown,2,5,4,0.8
50,685298,Unknown,2,4,3,0.75
51,694193,Unknown,2,4,3,0.75
52,701548,Unknown,3,4,3,0.75
53,702461,Unknown,2,4,3,0.75
54,703177,Unknown,2,4,3,0.75
55,800478,Unknown,2,4,3,0.75
56,805075,Unknown,2,4,3,0.75
57,815694,Unknown,1,4,3,0.75
58,815874,Unknown,2,4,3,0.75
59,643265,Garrett Cooper,6,11,8,0.7272727272727273
60,676545,Unknown,3,7,5,0.7142857142857143
61,686981,Unknown,3,7,5,0.7142857142857143
62,699127,Unknown,4,7,5,0.7142857142857143
63,800051,Unknown,4,7,5,0.7142857142857143
64,687071,Unknown,3,9,6,0.6666666666666666
65,698933,Unknown,3,9,6,0.6666666666666666
66,675659,Greg Jones,2,6,4,0.6666666666666666
67,691410,Unknown,3,6,4,0.6666666666666666
68,656448,Stone Garrett,2,3,2,0.6666666666666666
69,677565,Unknown,2,3,2,0.6666666666666666
70,681047,Unknown,2,3,2,0.6666666666666666
71,682266,Unknown,1,3,2,0.6666666666666666
72,684712,Unknown,1,3,2,0.6666666666666666
73,686766,Unknown,2,3,2,0.6666666666666666
74,687206,Unknown,1,3,2,0.6666666666666666
75,687724,Unknown,3,3,2,0.6666666666666666
76,687918,Unknown,1,3,2,0.6666666666666666
77,691284,Unknown,1,3,2,0.6666666666666666
78,691605,Unknown,2,3,2,0.6666666666666666
79,691775,Unknown,2,3,2,0.6666666666666666
80,692371,Unknown,1,3,2,0.6666666666666666
81,694953,Unknown,2,3,2,0.6666666666666666
82,699027,Unknown,1,3,2,0.6666666666666666
83,699232,Unknown,2,3,2,0.6666666666666666
84,700936,Unknown,2,3,2,0.6666666666666666
85,702463,Unknown,1,3,2,0.6666666666666666
86,703194,Unknown,2,3,2,0.6666666666666666
87,800266,Unknown,1,3,2,0.6666666666666666
88,804240,Unknown,1,3,2,0.6666666666666666
89,808129,Unknown,1,3,2,0.6666666666666666
90,809331,Unknown,1,3,2,0.6666666666666666
91,814528,Unknown,1,3,2,0.6666666666666666
92,822578,Unknown,2,3,2,0.6666666666666666
93,824615,Unknown,2,3,2,0.6666666666666666
94,620449,Unknown,5,8,5,0.625
95,681172,Unknown,4,8,5,0.625
96,687862,Unknown,3,8,5,0.625
97,702112,Unknown,4,8,5,0.625
98,702328,Unknown,4,8,5,0.625
99,701496,Unknown,4,10,6,0.6
100,801822,Unknown,3,10,6,0.6
101,545350,Jake Marisnick,2,5,3,0.6
102,664731,P. J. Higgins,2,5,3,0.6
103,681909,Justin Dean,2,5,3,0.6
104,687093,Vaughn Grissom,4,5,3,0.6
105,689959,Unknown,3,5,3,0.6
106,692390,Unknown,2,5,3,0.6
107,703430,Unknown,2,5,3,0.6
108,806368,Unknown,1,5,3,0.6
109,814451,Unknown,1,5,3,0.6
110,808516,Unknown,4,14,8,0.5714285714285714
111,694689,Unknown,5,7,4,0.5714285714285714
112,695735,Unknown,4,7,4,0.5714285714285714
113,806210,Unknown,4,7,4,0.5714285714285714
114,677941,Jordyn Adams,5,9,5,0.5555555555555556
115,682987,Unknown,10,24,13,0.5416666666666666
116,678010,Unknown,4,13,7,0.5384615384615384
117,814791,Unknown,7,15,8,0.5333333333333333
118,703155,Unknown,5,17,9,0.5294117647058824
119,677956,Rece Hinds,43,93,48,0.5161290322580645
120,682634,Kevin Alcántara,14,28,14,0.5
121,801276,Unknown,9,18,9,0.5
122,691373,Jhostynxon Garcia,7,16,8,0.5
123,688005,Unknown,5,14,7,0.5
124,800448,Unknown,6,12,6,0.5
125,660613,Unknown,4,10,5,0.5
126,668664,Unknown,5,10,5,0.5
127,679734,Unknown,5,8,4,0.5
128,690804,Unknown,3,8,4,0.5
129,592348,Niko Goodrum,3,6,3,0.5
130,663905,Travis Blankenhorn,2,6,3,0.5
131,675994,Unknown,3,6,3,0.5
132,676024,Unknown,3,6,3,0.5
133,686982,Unknown,3,6,3,0.5
134,687069,Unknown,4,6,3,0.5
135,689302,Unknown,3,6,3,0.5
136,691021,Unknown,2,6,3,0.5
137,691601,Unknown,4,6,3,0.5
138,701162,Unknown,4,6,3,0.5
139,702331,Unknown,2,6,3,0.5
140,703198,Unknown,4,6,3,0.5
141,703205,Unknown,2,6,3,0.5
142,800765,Unknown,2,6,3,0.5
143,815589,Unknown,4,6,3,0.5
144,669002,Unknown,1,4,2,0.5
145,672537,Unknown,2,4,2,0.5
146,675394,Unknown,2,4,2,0.5
147,680711,Unknown,2,4,2,0.5
148,681114,Unknown,2,4,2,0.5
149,681375,Unknown,1,4,2,0.5
150,682192,Unknown,2,4,2,0.5
151,682646,Unknown,2,4,2,0.5
152,682662,Unknown,2,4,2,0.5
153,687144,Unknown,1,4,2,0.5
154,687521,Unknown,2,4,2,0.5
155,691789,Unknown,1,4,2,0.5
156,701327,Unknown,2,4,2,0.5
157,701587,Unknown,2,4,2,0.5
158,701649,Unknown,4,4,2,0.5
159,701805,Unknown,2,4,2,0.5
160,703639,Unknown,1,4,2,0.5
161,802504,Unknown,3,4,2,0.5
162,805058,Unknown,1,4,2,0.5
163,808083,Unknown,2,4,2,0.5
164,810891,Unknown,2,4,2,0.5
165,813894,Unknown,2,4,2,0.5
166,592200,Curt Casali,1,2,1,0.5
167,641468,Unknown,1,2,1,0.5
168,651016,Unknown,1,2,1,0.5
169,664874,Seby Zavala,1,2,1,0.5
170,669219,Unknown,1,2,1,0.5
171,670148,Nate Mondou,2,2,1,0.5
172,676203,Unknown,1,2,1,0.5
173,677049,Unknown,1,2,1,0.5
174,677342,Unknown,2,2,1,0.5
175,680273,Unknown,0,2,1,0.5
176,680740,Unknown,1,2,1,0.5
177,681333,Unknown,1,2,1,0.5
178,682265,Unknown,1,2,1,0.5
179,682801,Unknown,1,2,1,0.5
180,682818,Yohendrick Pinango,1,2,1,0.5
181,683341,Unknown,1,2,1,0.5
182,683569,Unknown,1,2,1,0.5
183,684976,Unknown,1,2,1,0.5
184,685274,Unknown,1,2,1,0.5
185,686638,Unknown,2,2,1,0.5
186,686798,Unknown,1,2,1,0.5
187,688311,Unknown,1,2,1,0.5
188,689355,Unknown,1,2,1,0.5
189,689651,Unknown,1,2,1,0.5
190,689750,Unknown,1,2,1,0.5
191,690107,Unknown,1,2,1,0.5
192,691370,Unknown,1,2,1,0.5
193,693049,Oscar Colás,1,2,1,0.5
194,694224,Unknown,1,2,1,0.5
195,694355,Tyler Gentry,2,2,1,0.5
196,694673,Unknown,1,2,1,0.5
197,695342,Unknown,1,2,1,0.5
198,695524,Unknown,1,2,1,0.5
199,699475,Unknown,1,2,1,0.5
200,700731,Unknown,1,2,1,0.5
201,701784,Unknown,0,2,1,0.5
202,702222,Justin Crawford,1,2,1,0.5
203,702690,Unknown,2,2,1,0.5
204,703202,Unknown,2,2,1,0.5
205,703715,Unknown,1,2,1,0.5
206,800540,Unknown,1,2,1,0.5
207,800617,Unknown,1,2,1,0.5
208,801075,Unknown,2,2,1,0.5
209,802531,Unknown,1,2,1,0.5
210,802959,Unknown,2,2,1,0.5
211,803175,Unknown,0,2,1,0.5
212,805126,Unknown,1,2,1,0.5
213,805366,Unknown,0,2,1,0.5
214,806077,Unknown,1,2,1,0.5
215,806191,Unknown,1,2,1,0.5
216,806394,Unknown,2,2,1,0.5
217,807257,Unknown,1,2,1,0.5
218,807727,Unknown,0,2,1,0.5
219,807746,Unknown,1,2,1,0.5
220,814154,Unknown,1,2,1,0.5
221,821171,Unknown,1,2,1,0.5
222,827628,Unknown,1,2,1,0.5
223,665923,Esteury Ruiz,26,57,28,0.49122807017543857
224,804668,Rafael Flores,17,46,22,0.4782608695652174
225,694815,Unknown,14,30,14,0.4666666666666667
226,687248,Unknown,6,15,7,0.4666666666666667
227,641820,Trey Mancini,6,13,6,0.46153846153846156
228,665782,Luis De Los Santos,6,13,6,0.46153846153846156
229,675915,David Bañuelos,6,13,6,0.46153846153846156
230,676812,Carson Mccusker,30,61,28,0.45901639344262296
231,665846,Unknown,5,11,5,0.45454545454545453
232,680518,Unknown,6,11,5,0.45454545454545453
233,680636,Unknown,3,11,5,0.45454545454545453
234,605113,Nick Ahmed,19,42,19,0.4523809523809524
235,694728,Brice Matthews,42,89,40,0.449438202247191
236,692046,Unknown,4,9,4,0.4444444444444444
237,694838,Unknown,4,9,4,0.4444444444444444
238,694848,Unknown,3,9,4,0.4444444444444444
239,642350,José Siri,50,117,51,0.4358974358974359
240,677347,Kyren Paris,146,309,134,0.4336569579288026
241,624513,Dom Nuñez,18,30,13,0.43333333333333335
242,668752,Duke Ellis,9,14,6,0.42857142857142855
243,656883,Jakson Reetz,2,7,3,0.42857142857142855
244,694249,Unknown,4,7,3,0.42857142857142855
245,694661,Unknown,2,7,3,0.42857142857142855
246,800056,Unknown,4,7,3,0.42857142857142855
247,676113,Zach Deloach,13,26,11,0.4230769230769231
248,677592,Everson Pereira,69,159,67,0.42138364779874216
249,668472,Nick Pratto,6,12,5,0.4166666666666667
250,686551,Unknown,6,12,5,0.4166666666666667
251,687605,Unknown,8,12,5,0.4166666666666667
252,702258,Unknown,8,12,5,0.4166666666666667
253,806263,Unknown,5,12,5,0.4166666666666667
254,676116,Ryan Noda,54,121,50,0.4132231404958678
255,669398,Gage Workman,27,68,28,0.4117647058823529
256,592325,Ben Gamel,7,17,7,0.4117647058823529
257,664068,Scott Kingery,28,61,25,0.4098360655737705
258,680869,Zack Gelof,98,233,94,0.4034334763948498
259,592696,Eddie Rosario,8,15,6,0.4
260,676551,Brewer Hicklen,3,10,4,0.4
261,678837,Unknown,2,10,4,0.4
262,687208,Unknown,4,10,4,0.4
263,692039,Unknown,4,10,4,0.4
264,695603,Unknown,5,10,4,0.4
265,815793,Unknown,5,10,4,0.4
266,682633,Unknown,2,5,2,0.4
267,689688,Unknown,3,5,2,0.4
268,691002,Unknown,2,5,2,0.4
269,691186,Unknown,2,5,2,0.4
270,691740,Daniel Susac,2,5,2,0.4
271,695031,Unknown,3,5,2,0.4
272,701689,Unknown,3,5,2,0.4
273,806534,Unknown,2,5,2,0.4
274,806993,Unknown,1,5,2,0.4
275,814413,Unknown,3,5,2,0.4
276,815089,Unknown,3,5,2,0.4
277,815304,Unknown,2,5,2,0.4
278,815888,Unknown,2,5,2,0.4
279,821262,Unknown,3,5,2,0.4
280,691728,Zac Veen,60,143,57,0.3986013986013986
281,683357,Owen Caissie,26,63,25,0.3968253968253968
282,669004,Mj Melendez,77,164,64,0.3902439024390244
283,805904,Zach Cole,47,100,39,0.39
284,681584,David Villar,33,70,27,0.38571428571428573
285,677943,Will Banfield,15,39,15,0.38461538461538464
286,650907,René Pinto,5,13,5,0.38461538461538464
287,684852,Unknown,6,13,5,0.38461538461538464
288,694425,Unknown,6,13,5,0.38461538461538464
289,805672,Unknown,6,13,5,0.38461538461538464
290,685301,Matt Gorski,44,99,38,0.3838383838383838
291,671976,Tristan Peters,21,45,17,0.37777777777777777
292,681546,James Outman,134,287,108,0.37630662020905925
293,672356,Gabriel Arias,462,1085,408,0.376036866359447
294,671286,Johnathan Rodríguez,77,149,56,0.37583892617449666
295,605204,J. D. Davis,24,48,18,0.375
296,695670,Harry Ford,12,32,12,0.375
297,545358,Max Stassi,7,16,6,0.375
298,677007,Unknown,8,16,6,0.375
299,678323,Unknown,4,8,3,0.375
300,681370,Unknown,4,8,3,0.375
301,682073,David Hensley,5,8,3,0.375
302,683454,Unknown,4,8,3,0.375
303,703804,Unknown,4,8,3,0.375
304,672284,Jarred Kelenic,80,175,65,0.37142857142857144
305,669208,Ryan Bliss,50,105,39,0.37142857142857144
306,595751,Jorge Alfaro,47,116,43,0.3706896551724138
307,670223,Matt Mervis,139,340,126,0.37058823529411766
308,694203,Denzer Guzman,42,92,34,0.3695652173913043
309,506702,Sandy León,20,38,14,0.3684210526315789
310,700652,Unknown,8,19,7,0.3684210526315789
311,666624,Christopher Morel,300,680,250,0.36764705882352944
312,666211,Taylor Trammell,116,251,92,0.3665338645418327
313,669911,Michael Toglia,324,702,256,0.3646723646723647
314,687625,Unknown,4,11,4,0.36363636363636365
315,694974,Unknown,4,11,4,0.36363636363636365
316,701678,Hao-Yu Lee,6,11,4,0.36363636363636365
317,700246,Carson Williams,102,210,76,0.3619047619047619
318,693409,César Prieto,12,25,9,0.36
319,455117,Martín Maldonado,154,276,99,0.358695652173913
320,669374,Keston Hiura,23,53,19,0.3584905660377358
321,669722,Logan Davidson,48,109,39,0.3577981651376147
322,670042,Luke Raley,208,515,184,0.3572815533980582
323,621466,Dj Stewart,11,28,10,0.35714285714285715
324,621035,Chris Taylor,120,264,94,0.3560606060606061
325,606992,Eric Haase,79,175,62,0.35428571428571426
326,695490,Unknown,8,17,6,0.35294117647058826
327,665155,Nick Maton,74,165,58,0.3515151515151515
328,695681,Christian Moore,172,387,136,0.35142118863049093
329,572191,Michael Taylor,314,688,241,0.3502906976744186
330,678225,Ji Hwan Bae,38,80,28,0.35
331,621529,Joe Hudson,7,20,7,0.35
332,656577,Alex Jackson,104,235,82,0.34893617021276596
333,668974,Maverick Handley,49,109,38,0.3486238532110092
334,656541,Sam Hilliard,71,175,61,0.3485714285714286
335,669326,Bryce Teodosio,138,326,113,0.34662576687116564
336,672744,Alexander Canario,230,517,179,0.34622823984526113
337,687478,Cam Devanney,45,105,36,0.34285714285714286
338,656413,Stuart Fairchild,64,138,47,0.34057971014492755
339,519317,Giancarlo Stanton,274,561,191,0.3404634581105169
340,656185,Greg Allen,22,47,16,0.3404255319148936
341,686894,Joey Wiemer,68,153,52,0.33986928104575165
342,669087,Sam Huff,62,127,43,0.33858267716535434
343,805811,Bryce Eldridge,28,65,22,0.3384615384615385
344,690022,Ryan Ritter,188,429,145,0.337995337995338
345,683090,Matthew Lugo,83,163,55,0.3374233128834356
346,670242,Matt Wallner,351,830,280,0.3373493975903614
347,687515,Colby Thomas,127,288,97,0.3368055555555556
348,689200,Jacob Melton,73,156,52,0.3333333333333333
349,683770,Will Robertson,72,150,50,0.3333333333333333
350,546991,Albert Almora,6,15,5,0.3333333333333333
351,605346,Jack López,4,12,4,0.3333333333333333
352,666931,Jared Oliva,5,12,4,0.3333333333333333
353,808236,Unknown,6,12,4,0.3333333333333333
354,678746,Unknown,4,9,3,0.3333333333333333
355,683493,Unknown,4,9,3,0.3333333333333333
356,683679,Unknown,4,9,3,0.3333333333333333
357,685474,Unknown,3,9,3,0.3333333333333333
358,807742,Unknown,5,9,3,0.3333333333333333
359,676463,Unknown,2,6,2,0.3333333333333333
360,680996,Unknown,2,6,2,0.3333333333333333
361,681098,Unknown,2,6,2,0.3333333333333333
362,682679,Unknown,3,6,2,0.3333333333333333
363,683953,Travis Bazzana,3,6,2,0.3333333333333333
364,684541,Unknown,3,6,2,0.3333333333333333
365,686438,Unknown,2,6,2,0.3333333333333333
366,687192,Unknown,2,6,2,0.3333333333333333
367,687749,Unknown,2,6,2,0.3333333333333333
368,693832,Unknown,1,6,2,0.3333333333333333
369,694185,Unknown,2,6,2,0.3333333333333333
370,694304,Unknown,3,6,2,0.3333333333333333
371,694977,Unknown,2,6,2,0.3333333333333333
372,696135,Unknown,4,6,2,0.3333333333333333
373,699013,Unknown,2,6,2,0.3333333333333333
374,702302,Unknown,3,6,2,0.3333333333333333
375,805234,Unknown,4,6,2,0.3333333333333333
376,805865,Unknown,3,6,2,0.3333333333333333
377,815154,Unknown,4,6,2,0.3333333333333333
378,825761,Unknown,0,6,2,0.3333333333333333
379,675455,Unknown,1,3,1,0.3333333333333333
380,675910,Unknown,2,3,1,0.3333333333333333
381,677673,Unknown,1,3,1,0.3333333333333333
382,679663,Unknown,1,3,1,0.3333333333333333
383,680519,Unknown,2,3,1,0.3333333333333333
384,680672,Unknown,2,3,1,0.3333333333333333
385,680918,Unknown,1,3,1,0.3333333333333333
386,680935,Unknown,2,3,1,0.3333333333333333
387,682796,Unknown,2,3,1,0.3333333333333333
388,683169,Unknown,2,3,1,0.3333333333333333
389,683610,Unknown,1,3,1,0.3333333333333333
390,685332,Unknown,2,3,1,0.3333333333333333
391,686196,Unknown,1,3,1,0.3333333333333333
392,686958,Unknown,1,3,1,0.3333333333333333
393,687012,Unknown,1,3,1,0.3333333333333333
394,687152,Unknown,0,3,1,0.3333333333333333
395,690443,Unknown,1,3,1,0.3333333333333333
396,690988,Unknown,2,3,1,0.3333333333333333
397,691408,Unknown,2,3,1,0.3333333333333333
398,691442,Unknown,2,3,1,0.3333333333333333
399,691588,Unknown,2,3,1,0.3333333333333333
400,691616,Unknown,1,3,1,0.3333333333333333
401,692489,Unknown,2,3,1,0.3333333333333333
402,694187,Unknown,1,3,1,0.3333333333333333
403,694206,Unknown,1,3,1,0.3333333333333333
404,694227,Unknown,1,3,1,0.3333333333333333
405,694749,Unknown,1,3,1,0.3333333333333333
406,694834,Unknown,2,3,1,0.3333333333333333
407,695692,Unknown,2,3,1,0.3333333333333333
408,696264,Unknown,2,3,1,0.3333333333333333
409,700164,Unknown,1,3,1,0.3333333333333333
410,700720,Unknown,1,3,1,0.3333333333333333
411,702391,Unknown,2,3,1,0.3333333333333333
412,702467,Unknown,1,3,1,0.3333333333333333
413,702556,Unknown,1,3,1,0.3333333333333333
414,800306,Unknown,0,3,1,0.3333333333333333
415,800377,Unknown,2,3,1,0.3333333333333333
416,801256,Unknown,1,3,1,0.3333333333333333
417,803745,Unknown,2,3,1,0.3333333333333333
418,805804,Unknown,1,3,1,0.3333333333333333
419,805951,Unknown,2,3,1,0.3333333333333333
420,806230,Unknown,0,3,1,0.3333333333333333
421,808279,Unknown,1,3,1,0.3333333333333333
422,808326,Unknown,2,3,1,0.3333333333333333
423,815734,Unknown,1,3,1,0.3333333333333333
424,827665,Unknown,1,3,1,0.3333333333333333
425,691023,Jordan Walker,380,794,263,0.33123425692695213
426,668952,Ryan Kreidler,52,115,38,0.33043478260869563
427,669288,Daniel Johnson,53,106,35,0.330188679245283
428,670224,Kameron Misner,204,446,147,0.3295964125560538
429,680728,Adrian Del Castillo,120,249,82,0.3293172690763052
430,701762,Nick Kurtz,423,848,279,0.3290094339622642
431,553869,Elías Díaz,268,584,192,0.3287671232876712
432,676044,Bob Seymour,89,189,62,0.328042328042328
433,805249,Otto Kemp,199,424,139,0.3278301886792453
434,676801,Chas Mccormick,113,263,86,0.3269961977186312
435,623205,Andrew Velazquez,17,43,14,0.32558139534883723
436,592450,Aaron Judge,584,1237,402,0.3249797898140663
437,663731,Connor Kaiser,21,37,12,0.32432432432432434
438,664913,Seth Brown,80,173,56,0.3236994219653179
439,681715,Heriberto Hernandez,258,518,167,0.3223938223938224
440,687221,Dalton Rushing,143,273,88,0.32234432234432236
441,669717,Will Wilson,93,242,78,0.32231404958677684
442,665052,Griffin Conine,96,196,63,0.32142857142857145
443,666165,Blake Sabol,21,56,18,0.32142857142857145
444,681297,Colton Cowser,342,654,210,0.3211009174311927
445,678877,Jhonkensy Noel,171,405,130,0.32098765432098764
446,686554,Oliver Dunn,54,103,33,0.32038834951456313
447,668853,Austin Shenton,12,25,8,0.32
448,695257,Billy Cook,12,25,8,0.32
449,695521,Unknown,11,25,8,0.32
450,665833,Oneil Cruz,481,944,302,0.3199152542372881
451,656537,Derek Hill,155,344,110,0.31976744186046513
452,624414,Christian Arroyo,13,22,7,0.3181818181818182
453,641857,Ryan Mcmahon,538,1218,387,0.31773399014778325
454,669134,Luis Campusano,31,63,20,0.31746031746031744
455,701305,Zach Dezenzo,111,249,79,0.3172690763052209
456,660271,Shohei Ohtani,677,1435,455,0.3170731707317073
457,665861,Sebastián Rivero,33,79,25,0.31645569620253167
458,678894,Liover Peguero,80,143,45,0.3146853146853147
459,607732,Jacob Stallings,128,283,89,0.31448763250883394
460,677595,Ronny Mauricio,168,363,114,0.3140495867768595
461,688760,Blaine Crim,65,137,43,0.31386861313868614
462,669236,Jeremiah Jackson,174,383,120,0.3133159268929504
463,553993,Eugenio Suárez,650,1480,463,0.31283783783783786
464,656941,Kyle Schwarber,639,1344,420,0.3125
465,681198,Tj Rumfield,10,32,10,0.3125
466,693459,Unknown,5,16,5,0.3125
467,682626,Francisco Álvarez,246,514,160,0.311284046692607
468,695578,James Wood,618,1198,372,0.3105175292153589
469,666915,Bobby Dalbec,31,58,18,0.3103448275862069
470,664040,Brandon Lowe,525,1231,382,0.3103168155970755
471,669450,Cooper Hummel,99,207,64,0.30917874396135264
472,663898,Brendan Rodgers,133,259,80,0.3088803088803089
473,676724,Jared Young,43,94,29,0.30851063829787234
474,666181,Will Benson,231,493,152,0.30831643002028397
475,518595,Travis D'Arnaud,219,494,152,0.3076923076923077
476,678742,Unknown,8,13,4,0.3076923076923077
477,806005,Unknown,3,13,4,0.3076923076923077
478,669003,Garrett Mitchell,87,179,55,0.30726256983240224
479,657557,Paul Dejong,209,498,153,0.3072289156626506
480,650559,Bryan De La Cruz,66,140,43,0.30714285714285716
481,692216,Cj Kayfus,129,277,85,0.30685920577617326
482,666149,Tyler Fitzgerald,236,525,161,0.30666666666666664
483,672724,Oswald Peraza,264,576,176,0.3055555555555556
484,681351,Logan O'Hoppe,441,960,293,0.30520833333333336
485,656484,Tristan Gray,94,207,63,0.30434782608695654
486,695657,Colson Montgomery,255,549,167,0.30418943533697634
487,669357,Nolan Gorman,363,806,245,0.303970223325062
488,668901,Mark Vientos,439,955,290,0.3036649214659686
489,672016,Denzel Clarke,147,297,90,0.30303030303030304
490,592178,Kris Bryant,49,109,33,0.30275229357798167
491,669065,Kyle Stowers,419,968,293,0.30268595041322316
492,542963,Rob Brantly,18,43,13,0.3023255813953488
493,671732,Lawrence Butler,586,1214,367,0.30230642504118616
494,671213,Triston Casas,119,255,77,0.30196078431372547
495,694374,Tim Tawa,198,424,128,0.3018867924528302
496,665862,Jazz Chisholm,499,1092,329,0.30128205128205127
497,682988,Tyler Locklear,102,233,70,0.30042918454935624
498,672279,Michael Siani,29,60,18,0.3
499,642197,Jamie Westbrook,10,20,6,0.3
500,676946,Matthew Batten,8,10,3,0.3
501,695720,Unknown,5,10,3,0.3
502,800203,Unknown,3,10,3,0.3
503,802117,Unknown,5,10,3,0.3
504,595978,Austin Hedges,173,407,122,0.29975429975429974
505,681807,David Fry,145,328,98,0.29878048780487804
506,671284,Tim Elko,68,144,43,0.2986111111111111
507,622761,Jorge Mateo,90,201,60,0.29850746268656714
508,656180,Riley Adams,271,580,173,0.2982758620689655
509,666464,Jerar Encarnacion,66,114,34,0.2982456140350877
510,600869,Jeimer Candelario,92,215,64,0.29767441860465116
511,682829,Elly De La Cruz,650,1269,377,0.2970843183609141
512,696100,Hunter Goodman,560,1218,361,0.2963875205254516
513,669720,Austin Hays,399,847,251,0.29634002361275086
514,606192,Teoscar Hernández,586,1237,366,0.29587712206952305
515,691783,Jordan Lawlar,74,139,41,0.2949640287769784
516,694376,Shay Whitcomb,35,78,23,0.2948717948717949
517,663584,Hayden Senger,84,163,48,0.294478527607362
518,572204,Trayce Thompson,8,17,5,0.29411764705882354
519,677605,Unknown,8,17,5,0.29411764705882354
520,686531,Andre Lipcius,10,17,5,0.29411764705882354
521,671221,Drew Waters,213,466,137,0.2939914163090129
522,669221,Sean Murphy,291,650,191,0.29384615384615387
523,692585,Yanquiel Fernández,142,331,97,0.2930513595166163
524,621439,Byron Buxton,504,1089,319,0.29292929292929293
525,641598,Mitch Garver,279,530,155,0.29245283018867924
526,686611,Dylan Crews,312,595,174,0.292436974789916
527,691777,Max Muncy,221,455,133,0.2923076923076923
528,691785,Marcelo Mayer,140,284,83,0.29225352112676056
529,701350,Roman Anthony,272,514,150,0.2918287937743191
530,646240,Rafael Devers,621,1477,431,0.29180771834800273
531,657247,Brian O'Keefe,11,24,7,0.2916666666666667
532,624585,Jorge Soler,299,621,181,0.2914653784219002
533,664238,Dylan Moore,237,540,157,0.29074074074074074
534,687597,Jordan Beck,565,1167,339,0.29048843187660667
535,671655,George Valera,48,100,29,0.29
536,621020,Dansby Swanson,621,1345,390,0.2899628252788104
537,663624,Ryan Mountcastle,346,818,237,0.28973105134474325
538,656976,Pavin Smith,264,546,158,0.2893772893772894
539,641313,Tim Anderson,109,242,70,0.2892561983471074
540,694388,Joey Loperfido,103,218,63,0.2889908256880734
541,547180,Bryce Harper,533,1260,364,0.28888888888888886
542,691781,Brady House,263,558,161,0.2885304659498208
543,681393,Connor Norby,324,704,203,0.2883522727272727
544,663728,Cal Raleigh,666,1625,468,0.288
545,808975,Hyeseong Kim,161,334,96,0.2874251497005988
546,640902,Jhonny Pereda,83,167,48,0.2874251497005988
547,572233,Christian Walker,585,1313,377,0.2871287128712871
548,641933,Tyler O'Neill,193,418,120,0.28708133971291866
549,673357,Luis Robert,402,868,249,0.2868663594470046
550,660162,Yoán Moncada,248,506,145,0.2865612648221344
551,595879,Javier Báez,466,945,270,0.2857142857142857
552,543510,James Mccann,123,252,72,0.2857142857142857
553,675961,Alika Williams,9,21,6,0.2857142857142857
554,687201,Unknown,11,21,6,0.2857142857142857
555,624523,Unknown,4,7,2,0.2857142857142857
556,664332,Unknown,2,7,2,0.2857142857142857
557,672696,Unknown,4,7,2,0.2857142857142857
558,681123,Unknown,4,7,2,0.2857142857142857
559,681879,Unknown,4,7,2,0.2857142857142857
560,682619,Orelvis Martinez,4,7,2,0.2857142857142857
561,683145,Unknown,4,7,2,0.2857142857142857
562,688394,Unknown,4,7,2,0.2857142857142857
563,688500,Unknown,4,7,2,0.2857142857142857
564,691292,Unknown,2,7,2,0.2857142857142857
565,702140,Unknown,5,7,2,0.2857142857142857
566,801430,Unknown,3,7,2,0.2857142857142857
567,801881,Unknown,3,7,2,0.2857142857142857
568,804606,Konnor Griffin,2,7,2,0.2857142857142857
569,806367,Unknown,3,7,2,0.2857142857142857
570,806983,Unknown,3,7,2,0.2857142857142857
571,808767,Unknown,2,7,2,0.2857142857142857
572,814307,Unknown,3,7,2,0.2857142857142857
573,815697,Unknown,3,7,2,0.2857142857142857
574,690924,Braxton Fulford,112,232,66,0.28448275862068967
575,669394,Jake Burger,377,777,221,0.28442728442728443
576,668709,Jj Bleday,323,627,178,0.2838915470494418
577,666969,Adolis García,529,1166,331,0.28387650085763294
578,676679,Luis Vázquez,60,127,36,0.28346456692913385
579,677942,Blaze Alexander,229,494,140,0.2834008097165992
580,667670,Brent Rooker,635,1313,372,0.2833206397562833
581,687529,Grant Mccray,38,92,26,0.2826086956521739
582,667452,Corey Julks,23,46,13,0.2826086956521739
583,669261,Jack Suwinski,164,358,101,0.28212290502793297
584,694359,Niko Kavadas,20,39,11,0.28205128205128205
585,691723,Coby Mayo,268,525,148,0.2819047619047619
586,668227,Randy Arozarena,686,1406,396,0.28165007112375534
587,656248,Sean Bouchard,84,160,45,0.28125
588,663853,Romy Gonzalez,330,698,196,0.2808022922636103
589,670097,Zack Short,61,125,35,0.28
590,686668,Brenton Doyle,522,1037,289,0.2786885245901639
591,676059,Jordan Westburg,339,675,188,0.2785185185185185
592,687263,Zach Neto,502,1056,294,0.2784090909090909
593,678662,Ezequiel Tovar,381,945,263,0.2783068783068783
594,570482,Gio Urshela,195,435,121,0.27816091954022987
595,676914,Davis Schneider,216,486,135,0.2777777777777778
596,663796,Coco Montes,21,36,10,0.2777777777777778
597,668731,Akil Baddoo,17,36,10,0.2777777777777778
598,645801,Mike Ford,8,18,5,0.2777777777777778
599,814439,Unknown,9,18,5,0.2777777777777778
600,657041,Lane Thomas,142,278,77,0.27697841726618705
601,668723,Ryan Vilade,25,65,18,0.27692307692307694
602,596115,Trevor Story,645,1406,389,0.27667140825035563
603,682985,Riley Greene,656,1528,422,0.2761780104712042
604,690987,Robert Hassell,204,402,111,0.27611940298507465
605,687859,Troy Johnston,112,232,64,0.27586206896551724
606,663586,Austin Riley,436,961,265,0.2757544224765869
607,676480,José Barrero,47,109,30,0.27522935779816515
608,690976,Alex Freeland,84,164,45,0.27439024390243905
609,662139,Daulton Varsho,331,729,200,0.27434842249657065
610,682177,Daniel Schneemann,400,793,217,0.27364438839848676
611,665953,Andrés Chaparro,65,143,39,0.2727272727272727
612,680837,Ryan Fitzgerald,47,88,24,0.2727272727272727
613,642727,Sergio Alcántara,5,11,3,0.2727272727272727
614,670868,Unknown,5,11,3,0.2727272727272727
615,694320,Unknown,7,11,3,0.2727272727272727
616,701158,Unknown,6,11,3,0.2727272727272727
617,703607,Unknown,6,11,3,0.2727272727272727
618,806198,Unknown,6,11,3,0.2727272727272727
619,663886,Tyler Stephenson,306,620,169,0.2725806451612903
620,677594,Julio Rodríguez,713,1516,413,0.27242744063324537
621,660670,Ronald Acuña,338,804,219,0.27238805970149255
622,642715,Willy Adames,611,1344,366,0.27232142857142855
623,694362,Blake Dunn,76,173,47,0.27167630057803466
624,592206,Nick Castellanos,578,1367,371,0.2713972201901975
625,571771,Enrique Hernández,296,671,182,0.27123695976154993
626,669200,Mason Mccoy,31,59,16,0.2711864406779661
627,656896,Emmanuel Rivera,119,251,68,0.27091633466135456
628,660757,Oscar González,75,185,50,0.2702702702702703
629,592885,Christian Yelich,622,1287,347,0.26961926961926963
630,691019,Kyle Teel,257,554,149,0.26895306859205775
631,676439,Hunter Feduccia,88,212,57,0.2688679245283019
632,663609,Luken Baker,49,108,29,0.26851851851851855
633,575929,Willson Contreras,503,1075,288,0.26790697674418606
634,691718,Pete Crow-Armstrong,623,1472,394,0.26766304347826086
635,621512,Tomás Nido,43,86,23,0.26744186046511625
636,666176,Jo Adell,549,1212,324,0.26732673267326734
637,642215,Weston Wilson,110,236,63,0.2669491525423729
638,621458,Edwin Ríos,4,15,4,0.26666666666666666
639,669699,Braden Shewmake,7,15,4,0.26666666666666666
640,668804,Bryan Reynolds,601,1332,355,0.26651651651651653
641,545361,Mike Trout,476,1000,266,0.266
642,663616,Trevor Larnach,523,1012,269,0.2658102766798419
643,680769,Cj Alexander,28,64,17,0.265625
644,680776,Jarren Duran,653,1297,342,0.2636854279105628
645,680574,Matt Mclain,532,1063,280,0.2634054562558796
646,666160,Mickey Moniak,448,942,248,0.2632696390658174
647,691185,Maximo Acosta,54,95,25,0.2631578947368421
648,677008,Heston Kjerstad,169,384,101,0.2630208333333333
649,701358,Cam Smith,457,1004,263,0.26195219123505975
650,518692,Freddie Freeman,625,1403,367,0.2615823235923022
651,644433,Chadwick Tromp,38,65,17,0.26153846153846155
652,672275,Patrick Bailey,426,885,231,0.26101694915254237
653,645302,Víctor Robles,156,330,86,0.2606060606060606
654,664056,Harrison Bader,462,968,251,0.259297520661157
655,650489,Willi Castro,411,938,243,0.25906183368869934
656,677950,Alek Thomas,446,928,240,0.25862068965517243
657,665828,Oswaldo Cabrera,133,263,68,0.2585551330798479
658,701675,Nathan Church,58,147,38,0.2585034013605442
659,665161,Jeremy Peña,511,941,243,0.25823591923485656
660,665966,Carlos Narváez,424,949,245,0.2581664910432034
661,686475,Tyler Tolbert,62,128,33,0.2578125
662,680779,Henry Davis,264,613,158,0.25774877650897227
663,670276,Cal Stevenson,19,35,9,0.2571428571428571
664,663698,Joey Bart,301,572,147,0.256993006993007
665,683766,Christian Koss,187,382,98,0.25654450261780104
666,694212,Samuel Basallo,119,273,70,0.2564102564102564
667,678011,Anthony Seigler,62,117,30,0.2564102564102564
668,678489,Jorge Barrosa,71,160,41,0.25625
669,665487,Fernando Tatís,616,1255,321,0.2557768924302789
670,642180,Tyler Wade,122,251,64,0.2549800796812749
671,700932,Kyle Manzardo,504,1055,269,0.25497630331753557
672,669369,Bryce Johnson,84,157,40,0.25477707006369427
673,691720,Kyle Karros,145,303,77,0.25412541254125415
674,657656,Ramón Laureano,453,987,250,0.25329280648429586
675,663368,Blake Perkins,169,316,80,0.25316455696202533
676,596142,Gary Sánchez,107,206,52,0.2524271844660194
677,518792,Jason Heyward,98,179,45,0.25139664804469275
678,700242,Trey Sweeney,311,645,162,0.25116279069767444
679,678009,Parker Meadows,220,442,111,0.251131221719457
680,608369,Corey Seager,389,854,214,0.2505854800936768
681,669224,Austin Wells,442,1008,252,0.25
682,642851,Austin Wynns,114,256,64,0.25
683,680118,Dairon Blanco,23,52,13,0.25
684,605612,Harold Castro,19,44,11,0.25
685,676466,Jack Winkler,17,40,10,0.25
686,695020,Tanner Murray,16,28,7,0.25
687,691001,Unknown,9,16,4,0.25
688,666632,Unknown,4,12,3,0.25
689,804241,Unknown,5,12,3,0.25
690,808768,Unknown,5,12,3,0.25
691,668663,Tres Barrera,7,8,2,0.25
692,689070,Unknown,4,8,2,0.25
693,694876,Unknown,3,8,2,0.25
694,803011,Sam Antonacci,1,8,2,0.25
695,807747,Unknown,4,8,2,0.25
696,670867,Unknown,2,4,1,0.25
697,671155,Unknown,2,4,1,0.25
698,671913,Unknown,2,4,1,0.25
699,681230,Unknown,3,4,1,0.25
700,681488,Unknown,2,4,1,0.25
701,682276,Unknown,2,4,1,0.25
702,682942,Unknown,2,4,1,0.25
703,683353,Unknown,3,4,1,0.25
704,686541,Unknown,2,4,1,0.25
705,686639,Unknown,2,4,1,0.25
706,687567,Unknown,0,4,1,0.25
707,687783,Unknown,3,4,1,0.25
708,688617,Unknown,2,4,1,0.25
709,690448,Unknown,2,4,1,0.25
710,692150,Unknown,3,4,1,0.25
711,692238,Unknown,3,4,1,0.25
712,694070,Unknown,1,4,1,0.25
713,694271,Unknown,2,4,1,0.25
714,699228,Unknown,2,4,1,0.25
715,702472,Unknown,3,4,1,0.25
716,702685,Unknown,1,4,1,0.25
717,800176,Unknown,1,4,1,0.25
718,801938,Unknown,2,4,1,0.25
719,806146,Unknown,2,4,1,0.25
720,806611,Unknown,2,4,1,0.25
721,814172,Unknown,2,4,1,0.25
722,814299,Unknown,1,4,1,0.25
723,815067,Unknown,2,4,1,0.25
724,823703,Unknown,3,4,1,0.25
725,828335,Unknown,3,4,1,0.25
726,691176,Jasson Domínguez,408,909,227,0.24972497249724973
727,695506,Jac Caglianone,214,454,113,0.2488986784140969
728,669234,Justyn-Henry Malloy,127,266,66,0.24812030075187969
729,682622,Noelvi Marte,342,666,165,0.24774774774774774
730,660821,Jesús Sánchez,450,953,236,0.24763903462749212
731,676609,José Caballero,335,719,178,0.24756606397774686
732,664059,Sam Haggerty,177,348,86,0.2471264367816092
733,692225,Kristian Campbell,247,494,122,0.24696356275303644
734,642133,Rowdy Tellez,307,608,150,0.24671052631578946
735,641943,Joshua Palacios,133,297,73,0.24579124579124578
736,457705,Andrew Mccutchen,491,1064,261,0.24530075187969924
737,657136,Connor Wong,181,388,95,0.24484536082474226
738,592518,Manny Machado,636,1381,338,0.2447501810282404
739,602104,Ramón Urías,358,756,185,0.2447089947089947
740,671083,Buddy Kennedy,47,94,23,0.24468085106382978
741,666134,Nolan Jones,368,818,200,0.24449877750611246
742,521692,Salvador Pérez,621,1359,332,0.24429727740986018
743,656555,Rhys Hoskins,298,624,152,0.24358974358974358
744,686527,Dominic Canzone,290,624,152,0.24358974358974358
745,663897,Luke Williams,38,74,18,0.24324324324324326
746,694671,Wyatt Langford,508,1049,255,0.2430886558627264
747,701538,Jackson Merrill,465,1058,257,0.24291115311909262
748,679529,Spencer Torkelson,612,1289,313,0.24282389449185415
749,678882,Ceddanne Rafaela,566,1314,319,0.24277016742770166
750,624641,Edmundo Sosa,268,586,142,0.24232081911262798
751,666139,Josh Lowe,415,1040,252,0.2423076923076923
752,687551,Drew Gilbert,99,190,46,0.24210526315789474
753,686780,Pedro Pagés,373,794,192,0.24181360201511334
754,682729,Jonatan Clase,100,207,50,0.24154589371980675
755,621566,Matt Olson,646,1474,356,0.24151967435549526
756,694192,Jackson Chourio,599,1226,296,0.24143556280587275
757,676701,Alan Trejo,51,112,27,0.24107142857142858
758,642136,Matt Thaiss,170,407,98,0.24078624078624078
759,571912,Luke Maile,48,104,25,0.2403846153846154
760,642201,Eli White,276,575,138,0.24
761,699625,Jimmy Crooks,45,100,24,0.24
762,669256,Nick Solak,16,25,6,0.24
763,669477,Casey Schmitt,317,696,167,0.23994252873563218
764,666397,Edouard Julien,206,392,94,0.23979591836734693
765,688363,Graham Pauley,167,334,80,0.23952095808383234
766,666163,Ben Rortvedt,132,293,70,0.23890784982935154
767,683146,Brett Baty,412,867,207,0.23875432525951557
768,693307,Dillon Dingler,479,976,233,0.2387295081967213
769,668904,Royce Lewis,377,776,185,0.23840206185567012
770,668670,Jake Rogers,139,277,66,0.23826714801444043
771,641856,Billy Mckinney,20,42,10,0.23809523809523808
772,681481,Kerry Carpenter,488,1046,249,0.23804971319311663
773,694497,Evan Carter,206,391,93,0.23785166240409208
774,687957,Dustin Harris,54,122,29,0.23770491803278687
775,683737,Michael Busch,556,1153,274,0.23764093668690373
776,605131,Austin Barnes,47,80,19,0.2375
777,542303,Marcell Ozuna,500,1075,255,0.2372093023255814
778,641584,Jake Fraley,208,430,102,0.2372093023255814
779,516782,Starling Marte,309,662,157,0.23716012084592145
780,456781,Donovan Solano,184,397,94,0.2367758186397985
781,607208,Trea Turner,624,1315,311,0.23650190114068442
782,680718,Addison Barger,525,1085,256,0.2359447004608295
783,687363,Victor Scott,410,865,204,0.23583815028901733
784,685382,Unknown,6,17,4,0.23529411764705882
785,624415,Cavan Biggio,81,154,36,0.23376623376623376
786,543807,George Springer,574,1224,286,0.23366013071895425
787,680577,Dashawn Keirsey,97,214,50,0.2336448598130841
788,673962,Josh Jung,497,1011,236,0.2334322453016815
789,682848,Endy Rodríguez,62,120,28,0.23333333333333334
790,677060,Chad Stevens,13,30,7,0.23333333333333334
791,682663,Agustín Ramírez,536,1060,247,0.2330188679245283
792,693304,Nick Gonzales,396,846,197,0.23286052009456265
793,668715,Spencer Steer,517,1127,262,0.23247559893522626
794,686797,Brooks Lee,493,1013,235,0.23198420533070088
795,683002,Gunnar Henderson,576,1191,276,0.23173803526448364
796,672761,Wenceel Pérez,377,834,193,0.2314148681055156
797,680474,Max Schuemann,200,420,97,0.23095238095238096
798,641343,Jake Bauers,211,442,102,0.23076923076923078
799,641645,Luis Guillorme,28,52,12,0.23076923076923078
800,666703,Eguy Rosario,18,39,9,0.23076923076923078
801,680716,Jonathan Ornelas,12,26,6,0.23076923076923078
802,681581,Unknown,8,13,3,0.23076923076923078
803,694754,Unknown,7,13,3,0.23076923076923078
804,702068,Unknown,5,13,3,0.23076923076923078
805,806252,Unknown,7,13,3,0.23076923076923078
806,814409,Unknown,5,13,3,0.23076923076923078
807,663330,Jahmai Jones,141,295,68,0.2305084745762712
808,571970,Max Muncy,370,799,184,0.23028785982478098
809,683011,Anthony Volpe,582,1195,275,0.2301255230125523
810,661388,William Contreras,612,1286,295,0.22939346811819597
811,624413,Pete Alonso,650,1369,314,0.2293644996347699
812,686676,Korey Lee,47,96,22,0.22916666666666666
813,691406,Junior Caminero,620,1293,296,0.22892498066511988
814,608701,Rob Refsnyder,199,398,91,0.228643216080402
815,624424,Michael Conforto,423,941,215,0.22848034006376194
816,672359,Tirso Ornelas,29,57,13,0.22807017543859648
817,666152,David Hamilton,190,356,81,0.22752808988764045
818,660844,Leo Rivas,120,233,53,0.22746781115879827
819,665804,Miguel Amaya,101,216,49,0.22685185185185186
820,695336,Thomas Saggese,275,600,136,0.22666666666666666
821,701398,Sal Stewart,61,128,29,0.2265625
822,656305,Matt Chapman,476,976,221,0.22643442622950818
823,660766,Juan Yepez,11,31,7,0.22580645161290322
824,677800,Wilyer Abreu,397,886,200,0.22573363431151242
825,467793,Carlos Santana,434,926,209,0.22570194384449244
826,666018,Jonathan Aranda,388,874,197,0.22540045766590389
827,669127,Shea Langeliers,500,1048,236,0.22519083969465647
828,671739,Michael Harris,633,1284,289,0.2250778816199377
829,670541,Yordan Álvarez,176,370,83,0.22432432432432434
830,677649,Ezequiel Duran,222,477,107,0.22431865828092243
831,690291,Jace Jung,50,116,26,0.22413793103448276
832,682928,Cj Abrams,600,1215,272,0.22386831275720165
833,682998,Corbin Carroll,585,1269,284,0.22379826635145783
834,669304,José Miranda,59,112,25,0.22321428571428573
835,643217,Andrew Benintendi,433,892,199,0.22309417040358745
836,592626,Joc Pederson,280,574,128,0.2229965156794425
837,605137,Josh Bell,489,1041,232,0.2228626320845341
838,663604,Brandon Lockridge,153,359,80,0.22284122562674094
839,680737,Michael Helman,99,225,50,0.2222222222222222
840,695600,Carter Jensen,62,144,32,0.2222222222222222
841,641796,Tim Locastro,2,9,2,0.2222222222222222
842,687394,Unknown,4,9,2,0.2222222222222222
843,689531,Unknown,3,9,2,0.2222222222222222
844,690961,Unknown,3,9,2,0.2222222222222222
845,702693,Unknown,5,9,2,0.2222222222222222
846,805704,Unknown,3,9,2,0.2222222222222222
847,677587,Brayan Rocchio,372,788,175,0.22208121827411167
848,681460,Brooks Baldwin,315,690,153,0.2217391304347826
849,678391,Jorbit Vivas,70,149,33,0.2214765100671141
850,669016,Brandon Marsh,408,845,187,0.22130177514792898
851,702176,Alan Roden,145,285,63,0.22105263157894736
852,687952,Christian Encarnacion-Strand,150,308,68,0.22077922077922077
853,691016,Tyler Soderstrom,579,1124,248,0.2206405693950178
854,596146,Max Kepler,443,939,207,0.22044728434504793
855,641680,Jonah Heim,405,871,192,0.22043628013777267
856,643565,Mike Tauchman,341,758,167,0.22031662269129287
857,676572,Eric Wagaman,496,926,204,0.2203023758099352
858,621493,Taylor Ward,603,1086,239,0.22007366482504603
859,605353,Vimael Machín,25,50,11,0.22
860,664023,Ian Happ,605,1255,276,0.2199203187250996
861,676356,Jonny Deluca,73,146,32,0.2191780821917808
862,593871,Jorge Polanco,538,1086,238,0.21915285451197053
863,622569,Pablo Reyes,55,105,23,0.21904761904761905
864,681962,Vinny Capra,116,201,44,0.21890547263681592
865,623993,Anthony Santander,226,553,121,0.21880650994575046
866,702616,Jackson Holliday,601,1184,259,0.21875
867,672642,Steward Berroa,17,32,7,0.21875
868,673548,Seiya Suzuki,606,1185,259,0.21856540084388185
869,671218,Heliot Ramos,641,1310,285,0.21755725190839695
870,667472,Dane Myers,329,593,129,0.2175379426644182
871,677588,José Tena,171,345,75,0.21739130434782608
872,670712,Mike Brosseau,10,23,5,0.21739130434782608
873,671056,Iván Herrera,399,843,183,0.21708185053380782
874,673237,Yainer Diaz,553,1138,247,0.21704745166959577
875,657757,Gavin Sheets,513,1060,230,0.2169811320754717
876,607043,Brandon Nimmo,610,1274,276,0.21664050235478807
877,681146,Jonah Bride,124,217,47,0.21658986175115208
878,666023,Freddy Fermin,348,790,171,0.21645569620253163
879,643376,Danny Jansen,293,596,129,0.21644295302013422
880,677951,Bobby Witt,642,1323,286,0.2161753590325019
881,694208,Moisés Ballesteros,63,125,27,0.216
882,672012,Tyler Black,21,51,11,0.21568627450980393
883,608385,Jesse Winker,79,167,36,0.2155688622754491
884,663662,Daz Cameron,51,107,23,0.21495327102803738
885,665019,Kody Clemens,368,782,168,0.21483375959079284
886,695391,Brett Harris,73,149,32,0.21476510067114093
887,669707,Jared Triolo,346,714,153,0.21428571428571427
888,606115,Orlando Arcia,219,448,96,0.21428571428571427
889,655316,Andruw Monasterio,144,294,63,0.21428571428571427
890,542932,Jon Berti,104,196,42,0.21428571428571427
891,640458,Óscar Mercado,15,28,6,0.21428571428571427
892,640459,Brian Navarreto,17,28,6,0.21428571428571427
893,676369,Nelson Velázquez,6,14,3,0.21428571428571427
894,677954,Jordan Groshans,7,14,3,0.21428571428571427
895,691907,Tsung-Che Cheng,7,14,3,0.21428571428571427
896,596103,Austin Slater,158,341,73,0.21407624633431085
897,682668,Luisangel Acuña,200,385,82,0.21298701298701297
898,592663,J. T. Realmuto,529,1119,238,0.2126899016979446
899,543309,Kyle Higashioka,317,617,131,0.21231766612641814
900,672569,Gustavo Campero,60,137,29,0.2116788321167883
901,663993,Nathaniel Lowe,563,1210,256,0.2115702479338843
902,665926,Andrés Giménez,405,947,200,0.21119324181626187
903,672373,Unknown,15,38,8,0.21052631578947367
904,571875,Jake Lamb,11,19,4,0.21052631578947367
905,702679,Unknown,12,19,4,0.21052631578947367
906,686555,Isaac Collins,394,814,171,0.21007371007371006
907,680700,Richie Palacios,52,100,21,0.21
908,624512,Reese Mcguire,137,282,59,0.20921985815602837
909,679032,Johan Rojas,170,364,76,0.2087912087912088
910,592192,Mark Canha,131,273,57,0.2087912087912088
911,687637,Dylan Beavers,117,240,50,0.20833333333333334
912,682868,Bryan Ramos,26,48,10,0.20833333333333334
913,700250,Ben Rice,513,994,207,0.20824949698189135
914,656775,Cedric Mullins,450,1058,220,0.20793950850661624
915,665750,Leody Taveras,186,404,84,0.2079207920792079
916,656716,Zach Mckinstry,500,1049,218,0.20781696854146806
917,683083,Nasim Nuñez,86,193,40,0.20725388601036268
918,663967,César Salazar,14,29,6,0.20689655172413793
919,543760,Marcus Semien,490,1065,220,0.20657276995305165
920,686452,Drew Millas,50,102,21,0.20588235294117646
921,642731,Thairo Estrada,152,311,64,0.2057877813504823
922,666310,Bo Naylor,386,856,176,0.205607476635514
923,668845,Aaron Schunk,51,112,23,0.20535714285714285
924,664774,Lamonte Wade,226,458,94,0.2052401746724891
925,572138,Jon Singleton,21,39,8,0.20512820512820512
926,672820,Lenyn Sosa,537,1084,222,0.2047970479704797
927,642708,Amed Rosario,206,420,86,0.20476190476190476
928,690993,Colt Keith,450,884,181,0.20475113122171945
929,656811,Ryan O'Hearn,499,1070,219,0.2046728971962617
930,680862,Willie Maciver,105,230,47,0.20434782608695654
931,660644,Vidal Bruján,91,191,39,0.20418848167539266
932,647304,Josh Naylor,608,1218,248,0.20361247947454844
933,683734,Andrew Vaughn,449,882,179,0.20294784580498867
934,665742,Juan Soto,589,1085,220,0.20276497695852536
935,621438,Tyrone Taylor,332,651,132,0.20276497695852536
936,502054,Tommy Pham,414,765,155,0.20261437908496732
937,663757,Trent Grisham,535,997,202,0.20260782347041123
938,702284,Cole Young,226,464,94,0.2025862068965517
939,665561,Rafael Marchán,119,232,47,0.2025862068965517
940,650859,Luis Rengifo,517,1082,219,0.2024029574861368
941,642086,Dominic Smith,217,447,90,0.20134228187919462
942,666185,Dylan Carlson,225,487,98,0.20123203285420946
943,669397,Nick Allen,389,804,161,0.20024875621890548
944,686765,Nick Sogard,117,210,42,0.2
945,670092,Trenton Brooks,51,115,23,0.2
946,645305,Ali Sánchez,27,55,11,0.2
947,571466,Tucker Barnhart,18,35,7,0.2
948,595453,Chad Wallach,6,15,3,0.2
949,666177,Unknown,9,15,3,0.2
950,699073,Unknown,6,15,3,0.2
951,608360,Chris Okey,5,10,2,0.2
952,624503,Nick Gordon,6,10,2,0.2
953,665856,Jair Camargo,5,10,2,0.2
954,667690,C. J. Stubbs,4,10,2,0.2
955,701831,Unknown,2,10,2,0.2
956,542194,Christian Bethancourt,3,5,1,0.2
957,668721,Payton Henry,3,5,1,0.2
958,675628,Unknown,4,5,1,0.2
959,682793,Unknown,3,5,1,0.2
960,687431,Unknown,2,5,1,0.2
961,688457,Unknown,2,5,1,0.2
962,690841,Unknown,2,5,1,0.2
963,694369,Unknown,2,5,1,0.2
964,694378,Unknown,3,5,1,0.2
965,694444,Unknown,3,5,1,0.2
966,695481,Unknown,2,5,1,0.2
967,696521,Unknown,2,5,1,0.2
968,699024,Unknown,3,5,1,0.2
969,699302,Unknown,3,5,1,0.2
970,701177,Unknown,3,5,1,0.2
971,702977,Unknown,4,5,1,0.2
972,802355,Unknown,2,5,1,0.2
973,807957,Unknown,3,5,1,0.2
974,814091,Unknown,2,5,1,0.2
975,814431,Unknown,2,5,1,0.2
976,682653,Warming Bernabel,140,296,59,0.19932432432432431
977,593428,Xander Bogaerts,514,929,185,0.1991388589881593
978,621043,Carlos Correa,554,1100,219,0.1990909090909091
979,810938,Ben Williamson,278,588,117,0.1989795918367347
980,571657,Kyle Farmer,298,578,115,0.19896193771626297
981,641658,Garrett Hampson,95,191,38,0.19895287958115182
982,805373,Nacho Alvarez,188,352,70,0.19886363636363635
983,668942,Josh Rojas,191,373,74,0.19839142091152814
984,669257,Will Smith,418,852,169,0.1983568075117371
985,668930,Brice Turang,622,1306,259,0.19831546707503828
986,518934,Dj Lemahieu,128,227,45,0.19823788546255505
987,664034,Ty France,461,1009,200,0.19821605550049554
988,592669,Hunter Renfroe,117,202,40,0.19801980198019803
989,606466,Ketel Marte,498,984,194,0.19715447154471544
990,682657,Angel Martínez,459,1010,199,0.19702970297029704
991,680911,Owen Miller,34,66,13,0.19696969696969696
992,663457,Lars Nootbaar,524,956,188,0.19665271966527198
993,694377,Nick Yorke,81,168,33,0.19642857142857142
994,807713,Matt Shaw,416,886,174,0.1963882618510158
995,670231,John Rave,160,331,65,0.19637462235649547
996,665489,Vladimir Guerrero,671,1230,241,0.19593495934959348
997,671277,Luis García,509,1032,202,0.19573643410852712
998,681987,Nate Eaton,88,174,34,0.19540229885057472
999,681624,Andy Pages,637,1391,271,0.19482386772106397
1000,608348,Carson Kelly,398,817,159,0.19461444308445533
1001,691182,Adael Amador,116,221,43,0.19457013574660634
1002,608671,Travis Jankowski,56,108,21,0.19444444444444445
1003,689172,Brett Wisely,68,170,33,0.19411764705882353
1004,666126,Carlos Cortes,96,196,38,0.19387755102040816
1005,676694,Jake Meyers,355,654,126,0.1926605504587156
1006,620443,Luis Torrens,277,556,107,0.19244604316546762
1007,702574,Unknown,13,26,5,0.19230769230769232
1008,666158,Gavin Lux,465,918,176,0.19172113289760348
1009,664983,Jake Mccarthy,224,454,87,0.19162995594713655
1010,680777,Ryan Jeffers,422,753,144,0.19123505976095617
1011,596019,Francisco Lindor,668,1454,277,0.1905089408528198
1012,622534,Manuel Margot,31,63,12,0.19047619047619047
1013,553882,Omar Narváez,16,42,8,0.19047619047619047
1014,605244,Aramis Garcia,13,21,4,0.19047619047619047
1015,682515,Logan Porter,11,21,4,0.19047619047619047
1016,695238,Will Wagner,143,337,64,0.18991097922848665
1017,682183,Drew Avans,31,79,15,0.189873417721519
1018,645277,Ozzie Albies,623,1356,257,0.18952802359882007
1019,605170,Víctor Caratini,353,679,128,0.18851251840942562
1020,666971,Lourdes Gurriel,520,1077,203,0.18848653667595172
1021,647351,Abraham Toro,270,568,107,0.18838028169014084
1022,650968,Yohel Pozo,160,362,68,0.1878453038674033
1023,527038,Wilmer Flores,439,927,174,0.18770226537216828
1024,669137,Armando Alvarez,15,32,6,0.1875
1025,685133,Wade Meckler,9,16,3,0.1875
1026,683748,Victor Mesa,32,75,14,0.18666666666666668
1027,665839,Enmanuel Valdez,91,172,32,0.18604651162790697
1028,663536,Tristin English,24,54,10,0.18518518518518517
1029,678554,Curtis Mead,251,509,94,0.18467583497053044
1030,645444,José Herrera,178,353,65,0.18413597733711048
1031,514888,José Altuve,603,1185,218,0.1839662447257384
1032,641555,J. C. Escarra,105,207,38,0.18357487922705315
1033,682641,Luis Matos,188,387,71,0.1834625322997416
1034,502671,Paul Goldschmidt,507,1049,192,0.18303145853193517
1035,545341,Randal Grichuk,287,564,103,0.18262411347517732
1036,657088,Forrest Wall,6,11,2,0.18181818181818182
1037,695501,Unknown,6,11,2,0.18181818181818182
1038,699912,Jose Fernandez,4,11,2,0.18181818181818182
1039,663656,Kyle Tucker,533,1123,204,0.18165627782724844
1040,700337,Edgar Quero,366,736,133,0.18070652173913043
1041,623168,Tyler Heineman,159,357,64,0.1792717086834734
1042,669701,Josh Smith,512,1072,192,0.1791044776119403
1043,641487,J. P. Crawford,628,1357,243,0.17907148120854827
1044,493329,Yuli Gurriel,51,95,17,0.17894736842105263
1045,668800,Andrew Knizner,83,168,30,0.17857142857142858
1046,642020,Chuckie Robinson,9,28,5,0.17857142857142858
1047,663647,Ke'Bryan Hayes,545,982,174,0.17718940936863545
1048,545121,Ildemaro Vargas,133,243,43,0.17695473251028807
1049,677870,Leo Jimenez,34,68,12,0.17647058823529413
1050,682877,Juan Brito,10,17,3,0.17647058823529413
1051,679845,Nick Loftin,178,329,58,0.1762917933130699
1052,663697,Jonathan India,517,982,173,0.17617107942973523
1053,686948,Drake Baldwin,425,909,160,0.17601760176017603
1054,666182,Bo Bichette,618,1310,229,0.17480916030534352
1055,640492,José Azocar,35,63,11,0.1746031746031746
1056,650402,Gleyber Torres,584,1210,211,0.1743801652892562
1057,656582,Connor Joe,83,155,27,0.17419354838709677
1058,678246,Miguel Vargas,522,1108,192,0.17328519855595667
1059,624428,Adam Frazier,438,989,170,0.1718907987866532
1060,672640,Otto Lopez,561,1015,173,0.17044334975369457
1061,805300,Jakob Marsee,214,388,66,0.17010309278350516
1062,669242,Tommy Edman,413,783,133,0.1698595146871009
1063,573262,Mike Yastrzemski,491,996,169,0.16967871485943775
1064,669743,Alex Call,296,551,93,0.16878402903811252
1065,624431,Jose Trevino,289,510,86,0.16862745098039217
1066,607680,Kevin Pillar,59,119,20,0.16806722689075632
1067,670770,Tj Friedl,603,1086,182,0.16758747697974216
1068,663968,Jake Mangum,410,907,152,0.16758544652701213
1069,683021,Michael Stefanic,31,48,8,0.16666666666666666
1070,681134,Unknown,9,18,3,0.16666666666666666
1071,800050,Chase Delauter,6,18,3,0.16666666666666666
1072,596117,Garrett Stubbs,6,12,2,0.16666666666666666
1073,691285,Unknown,4,12,2,0.16666666666666666
1074,694410,Unknown,8,12,2,0.16666666666666666
1075,699130,Unknown,6,12,2,0.16666666666666666
1076,667240,Unknown,2,6,1,0.16666666666666666
1077,678232,Unknown,4,6,1,0.16666666666666666
1078,682119,Levi Jordan,3,6,1,0.16666666666666666
1079,683344,Unknown,1,6,1,0.16666666666666666
1080,686984,Unknown,3,6,1,0.16666666666666666
1081,687627,Unknown,3,6,1,0.16666666666666666
1082,687714,Unknown,3,6,1,0.16666666666666666
1083,694385,Unknown,1,6,1,0.16666666666666666
1084,696141,Unknown,4,6,1,0.16666666666666666
1085,813896,Unknown,3,6,1,0.16666666666666666
1086,695734,Daylen Lile,325,691,115,0.16642547033285093
1087,807712,Luke Keaschall,180,325,54,0.16615384615384615
1088,578428,Jose Iglesias,323,652,108,0.1656441717791411
1089,571448,Nolan Arenado,411,799,132,0.16520650813516896
1090,676475,Alec Burleson,516,993,164,0.16515609264853978
1091,670764,Taylor Walls,297,612,101,0.1650326797385621
1092,686469,Vinnie Pasquantino,634,1262,208,0.1648177496038035
1093,672515,Gabriel Moreno,292,608,100,0.16447368421052633
1094,686681,Michael Massey,282,590,97,0.16440677966101694
1095,500743,Miguel Rojas,307,561,92,0.16399286987522282
1096,668885,Austin Martin,167,330,54,0.16363636363636364
1097,641355,Cody Bellinger,638,1346,220,0.16344725111441308
1098,628451,Andy Ibáñez,189,399,65,0.16290726817042606
1099,687462,Spencer Horwitz,364,786,128,0.1628498727735369
1100,664728,Kyle Isbel,382,709,115,0.1622002820874471
1101,687231,Darell Hernaiz,176,370,60,0.16216216216216217
1102,630105,Jake Cronenworth,444,977,158,0.1617195496417605
1103,605361,Nick Martini,112,211,34,0.16113744075829384
1104,691026,Masyn Winn,506,1053,169,0.16049382716049382
1105,676070,Jacob Amaya,75,125,20,0.16
1106,674441,Jacob Hurtubise,27,50,8,0.16
1107,650391,Eloy Jiménez,13,25,4,0.16
1108,682927,Ronny Simon,81,163,26,0.15950920245398773
1109,663743,Nick Fortes,230,454,72,0.15859030837004406
1110,609280,Miguel Andújar,344,701,111,0.15834522111269614
1111,672386,Alejandro Kirk,531,1108,175,0.157942238267148
1112,702333,Unknown,8,19,3,0.15789473684210525
1113,457759,Justin Turner,176,394,62,0.15736040609137056
1114,686823,Will Brennan,27,64,10,0.15625
1115,696030,Alejandro Osuna,158,346,54,0.15606936416184972
1116,543877,Christian Vázquez,203,393,61,0.15521628498727735
1117,663837,Matt Vierling,88,195,30,0.15384615384615385
1118,670869,Livan Soto,13,26,4,0.15384615384615385
1119,673995,Davis Wendzel,6,13,2,0.15384615384615385
1120,687867,Unknown,8,13,2,0.15384615384615385
1121,694371,Unknown,6,13,2,0.15384615384615385
1122,681508,Mickey Gasper,105,202,31,0.15346534653465346
1123,650490,Yandy Díaz,596,1144,175,0.15297202797202797
1124,687401,Joey Ortiz,503,952,145,0.15231092436974789
1125,670156,Miles Mastrobuoni,171,299,45,0.1505016722408027
1126,666198,Carter Kieboom,8,20,3,0.15
1127,807799,Masataka Yoshida,208,354,53,0.1497175141242938
1128,595777,Jurickson Profar,334,742,111,0.1495956873315364
1129,543592,Austin Nola,44,87,13,0.14942528735632185
1130,621028,Kevin Newman,132,255,38,0.14901960784313725
1131,643446,Jeff Mcneil,399,909,135,0.1485148514851485
1132,605141,Mookie Betts,659,1156,171,0.14792387543252594
1133,681082,Bryson Stott,530,1069,158,0.14780168381665107
1134,673490,Ha-Seong Kim,170,316,46,0.14556962025316456
1135,670623,Isaac Paredes,390,820,119,0.14512195121951219
1136,694384,Nolan Schanuel,514,1028,148,0.14396887159533073
1137,622268,Donovan Walton,17,35,5,0.14285714285714285
1138,695462,Unknown,12,21,3,0.14285714285714285
1139,676632,Bligh Madris,9,14,2,0.14285714285714285
1140,660710,Unknown,3,7,1,0.14285714285714285
1141,685744,Kenedy Corona,2,7,1,0.14285714285714285
1142,691621,Unknown,4,7,1,0.14285714285714285
1143,702315,Unknown,2,7,1,0.14285714285714285
1144,804446,Unknown,3,7,1,0.14285714285714285
1145,806965,Unknown,4,7,1,0.14285714285714285
1146,643289,Mauricio Dubón,378,743,106,0.1426648721399731
1147,696285,Jacob Young,339,622,88,0.1414790996784566
1148,608070,José Ramírez,618,1311,184,0.14035087719298245
1149,608324,Alex Bregman,461,856,120,0.14018691588785046
1150,664702,Myles Straw,290,567,78,0.13756613756613756
1151,676391,Ernie Clement,627,1167,159,0.13624678663239073
1152,664761,Alec Bohm,491,919,125,0.13601741022850924
1153,672580,Maikel García,605,1027,138,0.13437195715676728
1154,664770,Nathan Lukes,462,966,129,0.13354037267080746
1155,690984,Petey Halpin,6,15,2,0.13333333333333333
1156,702358,Trey Lipscomb,5,15,2,0.13333333333333333
1157,668939,Adley Rutschman,335,632,84,0.13291139240506328
1158,657077,Alex Verdugo,197,340,45,0.1323529411764706
1159,643396,Isiah Kiner-Falefa,483,899,116,0.12903225806451613
1160,669289,Santiago Espinal,316,624,80,0.1282051282051282
1161,689414,Liam Hicks,342,595,76,0.12773109243697478
1162,702332,Caleb Durbin,496,900,114,0.12666666666666668
1163,666150,Dominic Fletcher,35,72,9,0.125
1164,669392,Samad Taylor,12,24,3,0.125
1165,800325,Unknown,7,16,2,0.125
1166,553988,Dixon Machado,6,8,1,0.125
1167,608841,Joey Meneses,4,8,1,0.125
1168,668751,Cal Mitchell,4,8,1,0.125
1169,694514,Unknown,4,8,1,0.125
1170,694806,Unknown,2,8,1,0.125
1171,696160,Unknown,3,8,1,0.125
1172,696513,Unknown,2,8,1,0.125
1173,702906,Unknown,6,8,1,0.125
1174,703601,Unknown,4,8,1,0.125
1175,680977,Brendan Donovan,480,885,110,0.12429378531073447
1176,665877,José Fermín,80,132,16,0.12121212121212122
1177,808982,Jung Hoo Lee,565,1062,127,0.11958568738229755
1178,649966,Luis Urías,296,569,68,0.1195079086115993
1179,805367,Chase Meidroth,467,827,97,0.11729141475211609
1180,671289,Tyler Freeman,399,796,93,0.11683417085427136
1181,660688,Keibert Ruiz,274,505,58,0.11485148514851486
1182,683227,Cody Freeman,114,229,26,0.11353711790393013
1183,691594,Javier Sanoja,328,594,66,0.1111111111111111
1184,675662,Unknown,5,9,1,0.1111111111111111
1185,700681,Unknown,4,9,1,0.1111111111111111
1186,800957,Unknown,5,9,1,0.1111111111111111
1187,815039,Unknown,5,9,1,0.1111111111111111
1188,686217,Sal Frelick,569,1098,121,0.11020036429872496
1189,669364,Xavier Edwards,575,1140,123,0.10789473684210527
1190,672695,Geraldo Perdomo,607,1224,130,0.10620915032679738
1191,663538,Nico Hoerner,636,1196,125,0.10451505016722408
1192,802415,Chandler Simpson,417,746,75,0.10053619302949061
1193,682997,Tyler Callihan,6,10,1,0.1
1194,805796,Unknown,3,10,1,0.1
1195,664954,Brett Sullivan,13,31,3,0.0967741935483871
1196,665998,Unknown,23,53,5,0.09433962264150944
1197,664670,Alejo López,3,11,1,0.09090909090909091
1198,680753,Unknown,7,11,1,0.09090909090909091
1199,694196,Unknown,5,11,1,0.09090909090909091
1200,806212,Unknown,5,11,1,0.09090909090909091
1201,670032,Nicky Lopez,24,46,4,0.08695652173913043
1202,675448,Unknown,8,23,2,0.08695652173913043
1203,689041,Rhylan Thomas,10,23,2,0.08695652173913043
1204,679822,Justin Foscue,13,24,2,0.08333333333333333
1205,680868,Unknown,7,12,1,0.08333333333333333
1206,686810,Unknown,4,12,1,0.08333333333333333
1207,805779,Jacob Wilson,497,888,72,0.08108108108108109
1208,680757,Steven Kwan,655,1230,95,0.07723577235772358
1209,681184,Unknown,5,14,1,0.07142857142857142
1210,815464,Unknown,5,14,1,0.07142857142857142
1211,801442,Unknown,7,19,1,0.05263157894736842
1212,650333,Luis Arráez,643,1263,59,0.04671417260490895
1213,592273,Brandon Drury,6,10,0,0.0
1214,607067,Colin Rea,1,3,0,0.0
1215,614173,Franchy Cordero,3,5,0,0.0
1216,641302,Tyler Alexander,1,2,0,0.0
1217,641511,Jason Delay,1,1,0,0.0
1218,642137,Cody Thomas,2,2,0,0.0
1219,656627,Mark Kolozsvary,2,3,0,0.0
1220,663714,Unknown,2,3,0,0.0
1221,666183,Unknown,1,2,0,0.0
1222,666194,Unknown,1,2,0,0.0
1223,666801,Rodolfo Castro,1,1,0,0.0
1224,667803,Unknown,1,1,0,0.0
1225,668791,Unknown,1,2,0,0.0
1226,668843,Conner Capel,6,13,0,0.0
1227,668860,Unknown,1,2,0,0.0
1228,669194,Ryne Nelson,1,1,0,0.0
1229,669384,Unknown,1,2,0,0.0
1230,669413,Unknown,1,1,0,0.0
1231,669742,Darick Hall,1,1,0,0.0
1232,670076,Unknown,0,2,0,0.0
1233,670232,Unknown,4,5,0,0.0
1234,671117,Darren Baker,1,2,0,0.0
1235,671272,Unknown,1,1,0,0.0
1236,671956,Unknown,1,4,0,0.0
1237,672013,Unknown,1,3,0,0.0
1238,672613,Unknown,1,2,0,0.0
1239,674951,Unknown,1,4,0,0.0
1240,675085,Unknown,4,7,0,0.0
1241,675430,Unknown,1,2,0,0.0
1242,676038,Unknown,1,1,0,0.0
1243,676045,Unknown,1,1,0,0.0
1244,676053,Unknown,1,1,0,0.0
1245,676063,Unknown,2,2,0,0.0
1246,676280,Unknown,2,3,0,0.0
1247,676939,Unknown,1,1,0,0.0
1248,677338,Unknown,2,4,0,0.0
1249,678099,Unknown,1,2,0,0.0
1250,678173,Unknown,2,3,0,0.0
1251,678218,Brandon Valenzuela,2,2,0,0.0
1252,678577,Unknown,2,3,0,0.0
1253,678854,Unknown,1,5,0,0.0
1254,679631,Terrin Vavra,1,3,0,0.0
1255,679788,Unknown,2,2,0,0.0
1256,679821,Unknown,1,2,0,0.0
1257,680552,Travis Swaggerty,1,1,0,0.0
1258,680642,Unknown,4,4,0,0.0
1259,680690,Unknown,3,7,0,0.0
1260,681132,Unknown,1,1,0,0.0
1261,681275,Unknown,2,2,0,0.0
1262,681623,Unknown,1,1,0,0.0
1263,682618,Unknown,3,2,0,0.0
1264,682648,Unknown,1,1,0,0.0
1265,682685,Unknown,1,3,0,0.0
1266,682707,Unknown,1,1,0,0.0
1267,682732,Unknown,3,5,0,0.0
1268,682799,Unknown,1,1,0,0.0
1269,683079,Unknown,3,4,0,0.0
1270,683172,Unknown,2,2,0,0.0
1271,683233,Unknown,2,2,0,0.0
1272,683490,Unknown,1,1,0,0.0
1273,683494,Unknown,5,5,0,0.0
1274,684081,Unknown,3,4,0,0.0
1275,684222,Unknown,1,1,0,0.0
1276,684922,Unknown,1,3,0,0.0
1277,685091,Unknown,1,1,0,0.0
1278,686523,Unknown,3,3,0,0.0
1279,686744,Unknown,4,7,0,0.0
1280,686758,Unknown,1,2,0,0.0
1281,686793,Unknown,0,5,0,0.0
1282,686960,Unknown,1,1,0,0.0
1283,687210,Unknown,1,2,0,0.0
1284,687272,Unknown,1,2,0,0.0
1285,687285,Unknown,1,1,0,0.0
1286,687310,Unknown,2,4,0,0.0
1287,687588,Unknown,3,5,0,0.0
1288,687628,Unknown,1,1,0,0.0
1289,687730,Unknown,1,1,0,0.0
1290,687751,Unknown,1,1,0,0.0
1291,688449,Unknown,2,2,0,0.0
1292,688551,Unknown,1,1,0,0.0
1293,688682,Unknown,2,4,0,0.0
1294,689288,Unknown,2,2,0,0.0
1295,690469,Unknown,1,1,0,0.0
1296,690474,Unknown,2,2,0,0.0
1297,690914,Unknown,2,3,0,0.0
1298,690985,Unknown,3,8,0,0.0
1299,691024,Unknown,2,3,0,0.0
1300,691269,Unknown,1,1,0,0.0
1301,691392,Unknown,1,1,0,0.0
1302,691398,Unknown,1,2,0,0.0
1303,691726,Unknown,1,3,0,0.0
1304,691897,Unknown,2,2,0,0.0
1305,691922,Unknown,1,1,0,0.0
1306,691939,Unknown,2,5,0,0.0
1307,692044,Unknown,1,1,0,0.0
1308,692446,Unknown,1,2,0,0.0
1309,692564,Unknown,1,2,0,0.0
1310,692657,Unknown,1,1,0,0.0
1311,694025,Felix Reyes,4,5,0,0.0
1312,694065,Unknown,1,1,0,0.0
1313,694170,Unknown,1,1,0,0.0
1314,694182,Unknown,1,2,0,0.0
1315,694186,Unknown,1,1,0,0.0
1316,694211,Unknown,3,4,0,0.0
1317,694214,Unknown,2,3,0,0.0
1318,694217,Unknown,3,3,0,0.0
1319,694318,Unknown,1,2,0,0.0
1320,694580,Unknown,1,3,0,0.0
1321,694742,Unknown,1,1,0,0.0
1322,694829,Unknown,1,2,0,0.0
1323,695467,Unknown,1,3,0,0.0
1324,695491,Unknown,0,1,0,0.0
1325,695604,Unknown,2,3,0,0.0
1326,696140,Unknown,1,1,0,0.0
1327,696142,Unknown,1,1,0,0.0
1328,696286,Unknown,0,1,0,0.0
1329,698929,Unknown,1,1,0,0.0
1330,699114,Unknown,1,1,0,0.0
1331,699144,Unknown,1,1,0,0.0
1332,699157,Unknown,1,2,0,0.0
1333,699166,Unknown,1,1,0,0.0
1334,699229,Unknown,1,2,0,0.0
1335,699305,Unknown,1,1,0,0.0
1336,699615,Unknown,2,6,0,0.0
1337,700032,Unknown,1,1,0,0.0
1338,700081,Unknown,1,3,0,0.0
1339,700243,Unknown,1,1,0,0.0
1340,700283,Unknown,1,2,0,0.0
1341,700321,Unknown,1,1,0,0.0
1342,700658,Unknown,1,2,0,0.0
1343,700845,Unknown,1,1,0,0.0
1344,701392,Unknown,2,2,0,0.0
1345,701481,Unknown,1,2,0,0.0
1346,701696,Unknown,1,2,0,0.0
1347,701701,Unknown,1,1,0,0.0
1348,701860,Unknown,1,3,0,0.0
1349,702488,Unknown,2,4,0,0.0
1350,702550,Unknown,1,3,0,0.0
1351,702726,Unknown,1,3,0,0.0
1352,702920,Unknown,1,1,0,0.0
1353,703151,Unknown,2,2,0,0.0
1354,703159,Unknown,1,1,0,0.0
1355,703606,Unknown,1,1,0,0.0
1356,800106,Unknown,1,2,0,0.0
1357,800198,Unknown,4,3,0,0.0
1358,800253,Unknown,1,1,0,0.0
1359,800345,Unknown,1,2,0,0.0
1360,800356,Unknown,1,1,0,0.0
1361,800406,Unknown,2,2,0,0.0
1362,800440,Unknown,4,5,0,0.0
1363,800506,Unknown,1,2,0,0.0
1364,800522,Unknown,6,7,0,0.0
1365,800683,Unknown,1,1,0,0.0
1366,800724,Unknown,3,6,0,0.0
1367,800959,Unknown,1,1,0,0.0
1368,801406,Unknown,2,2,0,0.0
1369,801629,Unknown,2,3,0,0.0
1370,801978,Unknown,1,4,0,0.0
1371,802005,Unknown,2,4,0,0.0
1372,802353,Unknown,1,1,0,0.0
1373,802459,Unknown,1,1,0,0.0
1374,802506,Unknown,0,1,0,0.0
1375,802541,Unknown,1,1,0,0.0
1376,803172,Unknown,2,7,0,0.0
1377,803174,Unknown,1,1,0,0.0
1378,803475,Unknown,3,5,0,0.0
1379,804645,Unknown,1,1,0,0.0
1380,804858,Unknown,2,4,0,0.0
1381,805268,Unknown,1,2,0,0.0
1382,805347,Unknown,1,2,0,0.0
1383,805795,Unknown,1,4,0,0.0
1384,805808,Kevin Mcgonigle,4,5,0,0.0
1385,806921,Unknown,1,1,0,0.0
1386,806953,Unknown,1,1,0,0.0
1387,806956,Unknown,1,2,0,0.0
1388,806963,Unknown,1,2,0,0.0
1389,806988,Unknown,1,2,0,0.0
1390,806995,Unknown,1,3,0,0.0
1391,807276,Unknown,1,3,0,0.0
1392,807643,Unknown,3,3,0,0.0
1393,807714,Unknown,2,2,0,0.0
1394,807728,Unknown,2,3,0,0.0
1395,808265,Unknown,1,2,0,0.0
1396,808267,Unknown,2,3,0,0.0
1397,808288,Unknown,1,2,0,0.0
1398,808864,Unknown,2,7,0,0.0
1399,810053,Unknown,1,6,0,0.0
1400,811289,Unknown,3,3,0,0.0
1401,811965,Unknown,1,1,0,0.0
1402,812470,Unknown,1,2,0,0.0
1403,813844,Unknown,1,1,0,0.0
1404,813852,Unknown,2,3,0,0.0
1405,814188,Unknown,2,4,0,0.0
1406,814194,Unknown,1,1,0,0.0
1407,814440,Unknown,1,1,0,0.0
1408,814442,Unknown,1,1,0,0.0
1409,814458,Unknown,2,2,0,0.0
1410,814806,Unknown,1,1,0,0.0
1411,815150,Unknown,1,4,0,0.0
1412,815299,Unknown,2,3,0,0.0
1413,815306,Unknown,2,2,0,0.0
1414,815653,Unknown,1,1,0,0.0
1415,815904,Unknown,1,1,0,0.0
1416,815908,Unknown,1,2,0,0.0
1417,815915,Unknown,2,2,0,0.0
1418,821270,Unknown,1,2,0,0.0
1419,821657,Unknown,1,2,0,0.0
1420,824028,Unknown,3,7,0,0.0
1421,825334,Unknown,1,3,0,0.0
1422,825924,Unknown,1,2,0,0.0
1423,828319,Unknown,1,2,0,0.0
1424,828599,Unknown,2,2,0,0.0
